"ID","Age","Genre","Revenus","Statut_marital","Nb_enfants","Montant","Café","Céréales","Fruits_bio","Haricots","Jambon","Lait","Legumes_bio","Pâtes","Poisson","Poisson_bio","Pommes","Poulet","Purée","Salade","Sauce_tomate","Soda","Viande_bio","Yaourt"
1,46,"Femme",236672,"Marié(e)",1,46,0,0,1,1,0,0,1,0,0,1,1,0,0,0,1,0,1,0
2,39,"Femme",180188,"Marié(e)",0,45.5,0,0,1,0,0,0,1,0,0,1,0,0,0,0,0,1,1,1
3,54,"Femme",50623,"Marié(e)",3,21.5,0,1,0,0,1,1,0,0,0,0,1,0,1,0,0,0,0,0
4,18,"Homme",16325,"Célibataire",0,45,0,0,0,0,0,0,0,1,0,0,0,0,1,0,1,1,0,0
5,24,"Homme",29130,"Célibataire",0,32,0,0,0,0,0,0,0,1,0,0,0,0,0,0,1,1,0,0
6,51,"Homme",37320,"Marié(e)",3,33,0,1,0,0,1,1,0,0,0,0,0,0,1,0,0,0,1,0
7,22,"Femme",38541,"Célibataire",0,25,0,0,0,1,0,0,0,1,0,0,0,1,0,0,1,0,0,0
8,76,"Femme",30674,"Veuf(ve)",1,40,0,0,0,0,0,0,0,0,1,0,1,0,1,1,0,0,0,0
9,80,"Homme",26934,"Marié(e)",0,41,0,0,0,0,0,0,0,0,1,0,1,1,0,1,0,0,0,1
10,57,"Homme",167006,"Marié(e)",0,48.5,0,0,1,1,0,1,1,0,1,1,0,0,0,0,0,0,1,0
11,21,"Homme",28475,"Célibataire",0,15,0,0,0,0,0,0,0,1,0,0,0,0,0,0,1,1,0,0
12,59,"Femme",241522,"Célibataire",1,11.5,0,0,0,0,0,0,1,0,0,1,0,0,0,0,0,0,1,0
13,36,"Femme",35329,"Marié(e)",3,26,0,1,0,0,1,1,0,0,0,0,0,0,1,0,0,0,0,0
14,71,"Femme",28523,"Marié(e)",1,30,0,0,0,0,0,0,0,0,1,0,1,0,0,1,0,0,0,1
15,42,"-",30109,"Célibataire",0,8.5,0,0,0,1,0,0,1,0,0,0,0,0,0,1,0,0,0,0
16,24,"Homme",28209,"Célibataire",0,17.5,0,0,0,0,0,0,0,1,0,0,0,0,0,0,1,1,0,0
17,29,"Femme",56630,"Célibataire",0,19,0,0,0,1,1,0,0,0,0,0,0,1,1,0,0,0,0,0
18,73,"Homme",92422,"Marié(e)",2,65.5,1,1,1,0,0,1,1,0,0,0,0,0,1,1,0,1,1,1
19,18,"Homme",15712,"Célibataire",0,32,0,1,0,0,0,0,0,1,0,0,0,1,0,0,1,0,0,0
20,31,"Femme",56427,"Célibataire",0,23,0,0,0,1,0,0,0,0,0,0,0,1,0,1,0,1,0,0
21,53,"Femme",35798,"Marié(e)",3,21.5,0,1,0,0,0,1,0,0,0,0,0,0,1,0,0,0,1,0
22,43,"Femme",56908,"Marié(e)",2,11.5,0,1,0,0,1,0,0,0,0,0,0,1,0,0,0,0,0,0
23,38,"Homme",52696,"Marié(e)",3,46,0,1,0,1,1,1,0,0,0,0,0,0,1,0,0,0,0,0
24,37,"Femme",37611,"Marié(e)",2,31.5,1,1,0,0,0,1,0,0,0,0,0,0,1,0,0,0,0,0
25,34,"Femme",47271,"Célibataire",1,14,0,0,0,1,0,0,0,0,0,0,0,1,1,0,0,0,0,0
26,54,"Femme",42556,"Marié(e)",2,45,0,1,0,0,1,1,0,0,0,0,0,0,1,0,0,0,0,0
27,23,"Homme",18521,"Célibataire",0,22,0,0,0,1,0,1,0,0,0,0,0,0,0,0,1,0,0,0
28,62,"Homme",109576,"Veuf(ve)",0,34,0,0,0,0,0,1,0,1,1,0,1,1,0,1,0,1,0,1
29,52,"Femme",180648,"Célibataire",2,51,0,0,1,0,0,0,1,1,0,1,1,0,0,0,0,0,1,0
30,76,"Homme",33881,"Marié(e)",0,28.5,0,0,0,0,0,0,0,0,1,0,1,0,0,1,0,0,0,1
31,45,"Femme",218938,"Marié(e)",3,66.5,0,1,1,0,0,1,0,0,1,0,1,0,1,1,0,0,1,0
32,35,"Femme",55285,"Marié(e)",3,54,0,1,1,0,1,1,0,0,1,0,0,1,1,0,0,0,0,0
33,53,"Homme",37640,"Marié(e)",2,24,0,0,0,0,0,1,0,0,0,0,0,0,1,1,1,0,0,0
34,44,"Femme",55364,"Marié(e)",2,35.5,0,1,0,0,1,1,0,0,0,0,0,0,1,0,0,1,1,0
35,51,"Homme",197632,"Marié(e)",2,34,0,0,0,0,0,0,1,0,0,1,1,0,0,1,0,0,1,0
36,20,"Homme",25082,"Célibataire",0,28.5,0,0,0,1,0,0,0,1,0,0,0,0,1,0,1,1,0,0
37,21,"Homme",29552,"Célibataire",0,38,0,0,0,1,0,0,0,1,0,0,0,0,0,0,1,1,0,0
38,35,"Femme",58267,"Marié(e)",3,20,0,1,0,0,1,0,0,0,0,0,1,0,1,0,0,0,0,0
39,80,"Homme",27550,"Marié(e)",1,25,0,0,1,0,0,0,0,0,1,0,1,0,0,1,0,0,0,1
40,65,"Femme",184376,"Marié(e)",2,56.5,0,0,0,0,0,0,1,0,0,1,0,0,0,1,0,1,1,0
41,53,"Homme",40743,"Marié(e)",2,20,0,1,0,0,1,0,0,0,0,0,0,0,1,0,0,0,0,0
42,65,"Homme",21012,"Marié(e)",0,52.5,0,0,0,0,0,1,0,1,1,0,0,0,0,1,1,0,0,1
43,79,"Homme",28655,"Marié(e)",1,56.5,0,0,0,0,1,0,0,0,1,0,1,1,0,1,0,1,0,1
44,69,"Homme",24945,"Marié(e)",0,21,0,0,0,0,0,0,0,0,1,0,1,0,0,0,0,0,0,1
45,74,"Homme",26655,"Veuf(ve)",1,54.5,0,0,0,0,1,0,1,0,1,1,1,0,0,1,0,0,0,1
46,55,"Homme",39925,"Marié(e)",2,36,0,1,0,0,1,1,0,0,0,0,0,0,1,0,0,0,0,0
47,21,"Femme",25375,"Célibataire",0,44,0,0,0,1,0,0,0,0,0,0,0,1,1,1,0,0,0,0
48,74,"Femme",20650,"Veuf(ve)",1,24.5,0,0,0,0,0,0,0,0,1,0,0,0,0,1,0,0,0,1
49,62,"Femme",123877,"Marié(e)",2,67.5,1,0,1,0,0,1,1,1,0,0,1,0,1,0,0,1,0,1
50,56,"Homme",208602,"Marié(e)",1,23,0,0,1,0,0,1,1,0,0,0,0,0,0,0,1,0,0,0
51,51,"Homme",163673,"Veuf(ve)",2,77,1,0,0,0,1,1,1,0,0,1,1,0,1,0,1,1,0,0
52,73,"Homme",27619,"Veuf(ve)",1,18,0,0,0,0,0,0,0,0,0,0,1,0,0,1,1,0,0,0
53,26,"Homme",25666,"Célibataire",0,7.5,0,1,0,0,0,0,0,1,0,0,0,0,0,0,1,0,0,0
54,54,"Homme",30639,"Marié(e)",2,33.5,0,1,0,0,0,1,0,0,0,0,0,0,1,0,1,0,1,0
55,49,"Homme",18804,"Marié(e)",2,73,1,0,0,1,1,1,1,1,0,0,0,1,1,1,0,1,0,1
56,46,"Femme",51220,"Marié(e)",3,31.5,0,1,0,0,1,1,0,0,0,0,0,0,1,1,0,0,0,0
57,46,"Femme",39939,"Célibataire",0,41.5,0,0,0,1,0,0,0,0,0,0,0,1,0,0,0,1,1,0
58,55,"Homme",43999,"Marié(e)",3,23.5,0,1,0,0,1,1,0,0,0,0,0,0,1,0,0,0,0,0
59,37,"Homme",58083,"Marié(e)",3,30,0,0,0,0,0,1,0,0,0,1,0,0,1,0,0,0,0,0
60,30,"Femme",48735,"Célibataire",0,18.5,0,0,0,1,0,0,0,0,0,0,0,1,0,1,0,0,0,0
61,72,"Femme",22970,"Veuf(ve)",1,28.5,0,0,0,0,0,0,0,0,1,0,1,0,0,1,0,0,0,1
62,38,"Femme",43627,"Marié(e)",3,48,0,1,0,0,1,1,0,0,0,1,0,0,1,0,0,0,0,0
63,25,"Homme",131321,"Veuf(ve)",2,66,1,1,1,0,1,1,0,1,0,1,1,0,1,0,0,1,1,0
64,54,"Femme",15117,"Célibataire",1,39,0,0,0,1,0,0,0,0,0,0,0,1,0,1,0,0,1,0
65,57,"Homme",68241,"Célibataire",3,38.5,1,1,0,0,1,1,1,0,0,1,1,0,0,0,1,1,0,1
66,47,"Femme",54502,"Marié(e)",3,63,1,1,1,0,1,1,0,0,0,0,0,1,1,0,0,0,0,0
67,19,"Homme",18392,"Célibataire",0,9,0,0,0,0,0,0,0,0,0,0,0,0,0,0,0,1,0,0
68,29,"Homme",15245,"Célibataire",0,46,0,1,0,0,0,0,0,1,0,0,0,1,0,0,1,0,0,0
69,42,"Femme",248317,"Veuf(ve)",1,37.5,1,0,1,0,0,0,0,0,0,0,1,0,0,0,0,1,0,1
70,28,"Homme",24470,"Célibataire",0,14.5,0,0,0,0,0,0,0,1,0,0,0,0,0,0,0,1,0,0
71,60,"Homme",113401,"Célibataire",1,76.5,1,0,0,0,1,0,0,0,1,0,0,0,0,1,1,1,0,1
72,22,"Homme",22959,"Célibataire",0,35,0,0,0,0,0,1,0,1,1,0,0,0,0,0,0,0,0,0
73,69,"Femme",18267,"Veuf(ve)",1,18.5,1,0,0,0,0,0,0,0,0,0,1,0,0,1,0,0,0,1
74,35,"Homme",55774,"Marié(e)",2,20.5,0,1,0,0,1,1,0,0,0,0,0,0,1,0,0,0,0,0
75,36,"Femme",41980,"Marié(e)",3,29.5,0,1,0,0,1,1,0,0,0,0,0,0,1,0,0,0,1,0
76,33,"Homme",40851,"Veuf(ve)",1,40,1,0,1,1,0,0,0,0,0,0,0,1,0,0,0,1,0,0
77,66,"Homme",20627,"Marié(e)",1,24,0,0,0,0,0,0,0,0,1,0,1,0,1,1,0,0,0,1
78,25,"Homme",206934,"Célibataire",3,83,0,1,1,1,1,1,0,0,0,1,0,1,0,0,1,0,1,1
79,37,"Homme",33291,"Marié(e)",2,56.5,0,1,0,0,1,1,0,0,0,0,0,1,0,0,1,0,0,1
80,55,"Femme",233442,"Célibataire",2,12,0,0,1,0,0,0,1,0,0,1,0,0,0,0,0,0,1,0
81,20,"Homme",18674,"Célibataire",0,6,0,0,0,0,0,0,0,1,0,0,0,0,0,0,1,0,0,0
82,69,"Femme",18699,"Veuf(ve)",0,16.5,0,0,0,0,0,0,0,0,1,0,1,0,0,1,0,0,0,0
83,24,"Femme",17654,"Célibataire",1,39,0,0,0,1,0,0,1,0,0,0,1,1,0,1,0,0,0,0
84,76,"Femme",34970,"Veuf(ve)",1,32,0,0,0,0,0,0,0,0,1,1,1,0,0,1,0,0,0,1
85,22,"Femme",24562,"Célibataire",0,16,0,0,0,0,0,0,0,0,0,0,0,1,1,1,0,0,0,0
86,48,"Femme",52488,"Marié(e)",3,40.5,0,1,1,0,1,1,0,0,0,0,0,0,1,0,0,0,0,0
87,67,"Femme",26460,"Veuf(ve)",0,48.5,0,0,0,0,0,1,1,0,1,1,1,0,0,1,0,0,0,0
88,20,"Femme",17296,"Célibataire",0,26.5,0,1,0,1,0,0,1,0,0,0,0,1,0,0,0,0,0,0
89,21,"Homme",20058,"Célibataire",0,5.5,0,0,0,0,0,0,0,1,0,0,0,0,0,0,1,0,0,0
90,59,"Homme",223657,"Marié(e)",2,20,0,0,1,0,1,0,0,0,0,1,0,0,0,0,0,0,1,0
91,25,"Homme",29921,"Célibataire",0,3,0,0,0,0,0,0,0,0,0,0,0,0,0,0,0,1,0,0
92,74,"Homme",19508,"Marié(e)",1,24,0,1,0,0,0,0,0,0,0,0,0,0,0,1,0,0,0,1
93,66,"Homme",31575,"Veuf(ve)",0,12,0,0,0,0,0,0,0,0,1,0,0,0,0,1,0,0,0,1
94,68,"Femme",124639,"Marié(e)",0,43.5,0,1,0,0,0,0,0,1,1,1,0,1,0,0,0,1,0,0
95,50,"Femme",50695,"Marié(e)",2,40,0,1,0,0,1,1,0,0,1,0,0,0,1,0,0,0,0,0
96,27,"Femme",34078,"Célibataire",0,18.5,0,0,0,1,0,0,0,0,0,0,0,1,0,1,0,0,0,0
97,72,"Homme",31765,"Veuf(ve)",1,40.5,0,0,0,0,0,0,0,0,1,1,1,0,1,1,0,0,0,1
98,43,"Femme",26282,"Célibataire",0,27.5,0,0,0,1,0,0,0,0,0,0,0,1,0,1,0,0,0,0
99,34,"Femme",17302,"Célibataire",0,33,0,0,0,1,0,0,0,0,0,0,0,1,0,1,0,0,0,0
100,19,"Homme",21049,"Célibataire",0,10.5,0,0,0,0,0,0,0,1,0,0,0,0,0,0,1,1,0,0
101,18,"Femme",40341,"Célibataire",0,57,0,0,0,1,0,0,0,0,0,0,0,1,1,1,0,1,1,0
102,26,"Homme",24185,"Célibataire",0,19.5,0,0,0,0,0,0,0,0,1,1,0,0,0,0,0,1,0,0
103,23,"Homme",27121,"Célibataire",0,15.5,0,0,0,0,0,0,0,1,0,0,0,0,0,0,1,1,0,0
104,59,"Femme",18265,"Célibataire",0,50.5,0,1,0,1,0,0,0,1,0,1,0,1,0,1,0,0,0,0
105,46,"Homme",47732,"Veuf(ve)",0,58.5,0,0,1,0,1,1,1,0,0,1,1,1,0,0,1,0,0,0
106,74,"Femme",22350,"Veuf(ve)",1,26.5,0,0,0,0,0,0,0,0,1,0,1,0,0,1,0,0,1,1
107,76,"Homme",27858,"Veuf(ve)",1,45,0,0,0,0,0,0,0,0,1,0,0,0,0,1,0,0,0,1
108,78,"Homme",33397,"Marié(e)",1,55.5,0,0,0,0,0,0,0,0,1,1,1,0,0,1,0,0,0,1
109,62,"Femme",121870,"Célibataire",1,23,0,0,0,0,0,0,1,0,0,1,0,0,0,0,0,0,1,0
110,28,"Femme",34685,"Célibataire",0,39,0,0,1,0,0,0,0,1,0,0,1,0,0,1,0,0,0,0
111,42,"Femme",36116,"Marié(e)",3,34.5,0,0,0,0,1,1,1,0,0,0,0,0,1,0,1,0,0,0
112,50,"Femme",193716,"Célibataire",1,19,0,1,0,1,0,0,0,0,0,1,0,0,0,0,0,0,0,0
113,41,"Femme",40752,"Marié(e)",3,47,0,1,0,0,1,1,0,0,0,0,1,0,1,0,0,0,0,0
114,29,"Homme",25511,"Célibataire",0,30,0,0,0,0,0,0,0,0,0,0,0,0,0,0,1,1,0,0
115,20,"Homme",19720,"Célibataire",0,31,0,0,0,1,0,1,0,1,0,0,0,0,0,0,1,1,0,0
116,75,"Homme",27398,"Marié(e)",1,54.5,0,1,0,0,0,0,0,0,1,0,1,0,0,1,0,1,0,1
117,49,"Femme",37261,"Célibataire",0,33,0,0,0,1,0,0,0,0,0,0,0,1,0,1,0,0,0,0
118,30,"Femme",47959,"Célibataire",1,34,0,0,0,1,0,0,0,0,0,0,0,1,0,1,0,0,0,0
119,45,"Femme",47193,"Marié(e)",2,41,0,1,0,0,1,1,1,0,0,0,0,1,1,0,0,0,0,0
120,49,"Femme",30169,"Marié(e)",3,39.5,0,1,1,0,1,1,0,0,0,0,0,0,1,0,0,0,0,0
121,72,"Homme",23656,"Veuf(ve)",0,47.5,0,0,0,0,0,0,0,1,1,0,1,0,0,1,0,1,0,1
122,29,"Homme",26778,"Célibataire",0,14,0,0,0,0,0,0,0,1,0,0,0,0,0,0,0,1,0,0
123,24,"Homme",19900,"Célibataire",0,14.5,0,0,0,0,0,0,0,0,1,0,0,0,0,0,1,1,0,0
124,75,"Homme",23705,"Veuf(ve)",0,23,0,0,0,0,0,0,0,0,1,0,1,0,0,1,0,0,0,1
125,22,"Femme",58995,"Célibataire",0,30,0,0,0,1,0,0,0,1,0,1,0,1,0,1,0,0,0,0
126,45,"Femme",237381,"Veuf(ve)",2,54.5,1,1,0,0,1,1,1,0,0,0,1,1,1,1,1,0,0,0
127,55,"Homme",222805,"Célibataire",2,27,0,0,1,0,0,0,1,0,0,1,0,0,0,0,0,0,1,0
128,80,"Homme",30790,"Veuf(ve)",1,37,0,0,0,1,0,0,0,0,1,0,1,0,0,1,0,0,0,1
129,18,"Femme",42327,"Célibataire",1,19.5,0,0,0,1,0,0,0,0,0,0,0,1,0,1,0,0,0,0
130,656,"Femme",54010,"Marié(e)",2,18.5,0,0,0,0,1,1,0,0,0,0,0,0,1,0,0,0,0,0
131,78,"Homme",19765,"Marié(e)",2,72,0,0,1,1,0,1,1,0,0,0,0,1,1,1,1,0,0,0
132,72,"Femme",29458,"Marié(e)",1,21.5,0,0,0,0,0,0,0,0,1,1,1,0,1,1,0,0,0,1
133,51,"Femme",56065,"Célibataire",0,35.5,0,1,0,1,0,0,1,1,0,0,0,1,0,1,0,0,0,0
134,38,"Femme",40627,"Célibataire",1,38.5,0,1,0,1,0,0,0,0,0,0,0,1,0,1,0,0,0,0
135,71,"Homme",30361,"Veuf(ve)",0,35,1,0,0,0,0,0,0,0,1,1,0,0,0,1,0,0,0,1
136,58,"Femme",49018,"Célibataire",1,42.5,1,0,0,1,0,1,0,1,0,0,0,1,0,0,0,0,0,0
137,26,"Homme",20483,"Célibataire",0,14,0,1,0,0,0,0,0,1,0,0,0,0,0,0,1,0,0,0
138,51,"Femme",44872,"Célibataire",0,18.5,0,0,0,1,0,1,0,0,0,0,0,0,0,1,1,0,0,0
139,72,"Homme",21365,"Marié(e)",0,54,0,1,0,0,0,0,0,0,1,0,1,0,0,1,0,0,0,1
140,36,"Homme",218126,"Célibataire",1,14,0,0,1,0,0,0,0,0,0,1,0,0,0,0,0,0,0,0
141,38,"Femme",39256,"Célibataire",0,8,0,0,0,1,0,0,0,0,0,0,0,1,0,1,0,0,0,0
142,24,"Homme",28494,"Célibataire",0,42,1,0,0,0,0,0,0,1,0,0,0,1,0,1,0,1,0,0
143,23,"Femme",45557,"Veuf(ve)",3,86.5,1,0,0,1,1,1,0,0,1,0,1,0,1,1,0,1,0,1
144,79,"Femme",21179,"Veuf(ve)",1,69.5,0,0,0,0,1,1,0,0,1,1,1,0,0,1,0,0,0,1
145,20,"Homme",15908,"Célibataire",0,40.5,0,0,0,0,0,0,0,1,0,0,0,0,1,1,1,1,0,0
146,25,"Homme",20270,"Célibataire",0,43.5,0,0,1,0,1,0,0,1,0,0,0,0,0,0,1,1,0,0
147,836,"Femme",45818,"Marié(e)",3,26,1,1,0,0,1,0,0,1,0,0,0,0,0,0,0,0,0,0
148,27,"Homme",17033,"Célibataire",0,34,0,0,0,0,0,0,0,1,0,0,0,0,0,0,1,1,0,0
149,27,"Homme",29350,"Célibataire",0,34.5,0,0,1,0,0,0,0,1,0,0,0,0,0,0,1,1,0,0
150,46,"Homme",45308,"Marié(e)",2,30.5,0,1,0,0,1,1,0,0,0,0,0,0,1,0,0,0,0,0
151,72,"Femme",34449,"Veuf(ve)",1,27.5,1,0,1,0,0,0,0,0,1,0,1,0,0,0,0,0,0,1
152,43,"Homme",133049,"Célibataire",0,12,0,0,1,0,0,0,1,0,0,1,0,0,0,0,0,0,1,0
153,52,"Femme",59178,"Marié(e)",2,42.5,1,1,0,0,1,1,0,0,0,0,0,0,1,0,0,0,0,0
154,66,"Femme",76751,"Célibataire",1,49,1,1,1,0,0,0,0,1,0,0,0,0,1,0,1,0,0,1
155,20,"Homme",22583,"Célibataire",0,14,0,1,0,0,0,0,0,1,0,0,0,0,0,0,1,0,0,0
156,38,"Homme",47292,"Marié(e)",3,27.5,0,1,0,0,1,1,1,1,0,0,0,0,1,0,0,0,0,0
157,72,"Femme",33172,"Marié(e)",1,50.5,0,0,1,0,0,0,0,0,1,0,1,0,0,1,0,0,1,1
158,56,"Femme",20050,"Célibataire",1,22,0,0,0,1,0,0,0,0,1,0,0,1,0,1,0,1,0,0
159,37,"Femme",46598,"Marié(e)",2,30,0,1,0,0,1,1,0,0,0,0,0,0,1,0,0,0,0,1
160,35,"Femme",57293,"Célibataire",0,31,1,0,1,1,0,0,0,0,0,0,0,1,0,0,1,0,0,0
161,40,"Homme",50499,"Marié(e)",2,8.5,0,1,0,0,0,1,0,0,0,0,0,0,1,0,0,0,0,0
162,64,"Femme",214745,"Célibataire",1,20.5,0,0,1,0,0,0,1,0,0,1,0,0,0,0,0,0,1,0
163,26,"Femme",30883,"Célibataire",0,47,0,0,0,1,0,0,0,0,0,0,0,0,0,0,1,0,1,1
164,75,"Homme",32742,"Marié(e)",1,48,1,0,0,0,0,0,0,0,1,1,1,0,0,0,0,0,1,1
165,20,"Homme",26984,"Célibataire",0,26,0,0,1,0,0,0,0,1,1,0,0,0,0,0,1,0,0,0
166,63,"Femme",27533,"Marié(e)",2,35,1,1,0,0,0,0,0,0,1,1,1,1,1,0,0,0,0,1
167,75,"Homme",18283,"Marié(e)",1,38.5,0,0,0,0,0,0,1,0,1,0,1,1,1,1,0,0,0,1
168,77,"Femme",31340,"Marié(e)",1,25,0,0,0,0,1,0,0,0,1,0,1,1,0,1,0,0,0,0
169,25,"Femme",148644,"Marié(e)",1,55,1,0,1,1,1,0,0,1,0,1,0,0,0,0,0,1,0,1
170,46,"Femme",121537,"Marié(e)",2,6,0,0,0,0,0,0,0,0,0,1,0,0,0,0,0,0,1,0
171,21,"Homme",26470,"Célibataire",0,31,0,0,0,0,1,0,0,1,0,0,1,1,0,0,1,1,0,0
172,38,"Homme",57358,"Marié(e)",2,36,0,1,0,0,1,1,0,0,0,0,0,0,1,0,0,0,0,0
173,41,"Femme",36865,"Marié(e)",3,18,0,1,0,0,1,1,0,0,0,1,1,0,0,0,0,0,0,0
174,55,"Femme",120157,"Célibataire",0,34.5,0,0,1,0,0,0,1,1,0,1,0,0,0,0,0,0,1,0
175,73,"Femme",29676,"Marié(e)",1,53,1,0,0,0,0,0,0,0,1,0,1,1,1,1,0,0,0,1
176,21,"Femme",52692,"Célibataire",0,15.5,0,0,0,1,0,0,0,0,0,0,0,1,0,1,0,0,0,0
177,55,"Homme",44390,"Marié(e)",3,50.5,1,1,0,0,1,1,1,0,0,0,0,0,1,0,0,0,0,1
178,47,"Femme",50895,"Marié(e)",2,21,0,1,0,0,1,1,0,0,0,0,0,0,1,0,0,0,0,0
179,78,"Femme",33167,"Marié(e)",0,68,1,0,0,0,1,0,0,0,1,0,1,0,0,1,0,0,0,1
180,62,"Homme",177467,"Marié(e)",1,69,1,0,1,1,1,1,1,0,1,0,1,1,1,1,0,0,0,0
181,56,"Femme",34845,"Célibataire",0,18,0,1,0,1,0,0,0,0,0,0,0,1,0,0,0,1,0,0
182,29,"Femme",51518,"Célibataire",0,21.5,1,0,0,1,0,0,0,0,0,0,0,1,0,1,0,0,0,0
183,51,"Homme",221942,"Célibataire",2,45,0,0,1,0,0,0,1,0,0,1,1,0,0,0,0,0,1,0
184,35,"Homme",128138,"Marié(e)",1,26,0,0,1,0,0,0,1,0,0,1,0,0,0,0,0,0,0,0
185,53,"Homme",34054,"Marié(e)",3,38,0,1,0,0,1,1,0,0,0,0,0,0,1,0,0,0,0,0
186,57,"Femme",127863,"Célibataire",1,48,1,1,0,0,1,0,0,1,0,0,1,0,1,1,1,0,0,1
187,45,"Homme",40258,"Marié(e)",3,58.5,1,1,0,0,1,1,0,0,0,0,0,0,1,0,1,0,1,0
188,32,"Femme",84957,"Célibataire",2,96,1,0,0,1,1,1,0,1,1,1,1,0,1,1,1,0,1,0
189,65,"Femme",204539,"Marié(e)",1,10.5,0,0,0,0,0,0,0,0,0,1,1,0,0,0,0,0,0,0
190,51,"Homme",40230,"Marié(e)",3,59,0,1,0,1,1,1,0,0,1,0,0,0,1,0,0,0,0,0
191,25,"Homme",26041,"Célibataire",0,29,0,0,0,0,1,0,0,1,0,0,0,0,1,0,1,1,0,0
192,63,"Femme",221180,"Célibataire",0,34,0,0,1,0,0,0,1,0,0,1,0,0,0,1,0,0,1,0
193,77,"Femme",152627,"Veuf(ve)",1,67,0,0,1,1,1,0,1,0,0,1,1,1,0,0,0,1,0,0
194,19,"Homme",18732,"Célibataire",0,32.5,0,0,1,0,0,0,0,1,1,0,0,0,0,0,1,1,0,0
195,38,"Femme",128680,"Marié(e)",0,30,0,0,1,0,0,0,0,0,0,1,0,1,0,0,0,0,1,0
196,25,"-",19133,"Célibataire",0,27.5,0,1,0,1,0,0,0,1,0,0,0,0,0,0,0,1,0,0
197,67,"Femme",26160,"Veuf(ve)",0,40,0,0,0,0,0,0,0,0,0,0,1,0,0,1,0,1,1,1
198,47,"Femme",35879,"Célibataire",0,8.5,0,0,0,1,0,0,1,0,0,0,0,0,0,0,0,0,0,0
199,50,"Femme",22478,"Célibataire",0,15.5,0,0,0,1,0,0,0,0,0,0,0,1,0,1,0,0,0,0
200,22,"Homme",21061,"Célibataire",0,43.5,0,0,1,0,0,0,0,1,0,0,0,0,0,1,1,1,0,0
201,28,"Homme",26324,"Célibataire",0,51,0,0,0,0,0,0,1,1,0,0,0,0,0,0,1,1,0,0
202,48,"Homme",176327,"Marié(e)",0,40,0,0,0,0,0,0,1,1,0,0,0,0,0,0,0,0,1,0
203,47,"Femme",27374,"Célibataire",1,14.5,0,0,0,0,0,0,0,0,0,0,1,1,0,1,0,0,0,0
204,27,"Homme",23094,"Célibataire",0,32.5,0,0,0,0,0,0,0,1,0,0,0,0,0,0,1,1,0,0
205,39,"Homme",219138,"Célibataire",1,71,1,0,1,1,0,0,1,1,1,0,0,1,1,1,1,0,1,0
206,27,"Homme",29160,"Célibataire",0,39,0,0,1,0,1,0,0,0,0,0,0,0,0,0,1,1,1,0
207,22,"Homme",28596,"Célibataire",0,8,0,0,0,0,0,0,0,1,0,0,0,0,0,0,1,1,0,0
208,74,"Femme",21740,"Veuf(ve)",1,16,0,0,0,0,0,0,0,0,1,0,0,0,0,1,0,0,0,1
209,66,"Homme",21730,"Veuf(ve)",0,27.5,0,0,0,0,0,0,0,0,0,0,1,1,0,1,1,0,0,1
210,80,"Femme",28089,"Marié(e)",0,54.5,0,0,1,0,0,1,0,0,1,0,1,0,0,1,1,0,0,1
211,46,"Femme",48629,"Marié(e)",2,26,0,1,0,0,1,1,0,0,0,0,0,0,1,0,0,0,0,0
212,55,"Homme",44930,"Marié(e)",3,37.5,1,1,0,0,1,1,0,0,0,0,0,0,1,1,0,0,0,0
213,67,"Homme",25273,"Veuf(ve)",1,17.5,0,0,0,0,0,0,0,0,0,0,1,0,0,0,0,1,0,1
214,26,"Homme",19309,"Célibataire",0,41.5,1,0,0,0,1,0,0,0,0,0,0,1,0,0,1,1,0,0
215,36,"Femme",36161,"Marié(e)",2,25.5,0,1,0,0,1,1,0,0,0,1,0,0,0,0,0,0,0,0
216,78,"Femme",173513,"Célibataire",1,76,1,0,1,1,1,0,0,1,1,0,0,1,1,1,0,0,0,1
217,29,"Homme",27267,"Célibataire",0,31.5,0,0,0,0,0,0,0,1,0,0,0,0,0,1,1,1,0,0
218,40,"Femme",44791,"Célibataire",0,14.5,0,1,0,1,0,0,0,0,0,0,0,1,0,0,1,0,0,0
219,39,"Femme",49288,"Marié(e)",2,19.5,0,1,0,0,1,1,0,0,0,0,0,0,1,0,0,0,0,1
220,19,"-",41022,"Célibataire",1,17.5,0,0,0,1,0,0,0,0,0,0,0,1,0,1,0,0,0,0
221,38,"Homme",31291,"Marié(e)",3,38,0,1,0,0,1,1,0,0,0,0,0,0,1,0,0,0,0,0
222,29,"Homme",24351,"Célibataire",0,47.5,1,0,0,0,0,0,1,1,0,0,0,0,0,0,1,1,0,0
223,41,"Femme",50604,"Marié(e)",2,17.5,0,1,0,0,0,0,0,0,0,0,0,0,1,0,1,0,0,0
224,52,"Homme",53193,"Marié(e)",2,14,0,0,0,0,0,1,0,0,0,0,0,0,1,0,0,0,0,0
225,55,"Femme",42983,"Marié(e)",3,28,0,1,0,0,0,1,0,0,0,0,0,0,1,0,0,0,0,0
226,68,"Homme",33864,"Marié(e)",0,19.5,0,0,0,0,0,0,0,0,1,0,1,0,0,1,0,0,0,1
227,63,"Femme",65877,"Célibataire",1,96,1,0,1,0,1,1,1,1,1,0,1,1,1,1,0,1,1,1
228,77,"Femme",33204,"Marié(e)",1,28.5,0,0,0,0,0,0,0,0,1,0,1,0,0,1,0,0,0,1
229,72,"Homme",207807,"Célibataire",1,44.5,1,0,1,1,1,1,0,0,0,0,0,0,0,1,0,1,1,1
230,21,"Homme",28374,"Célibataire",0,3,0,0,0,0,0,0,0,0,0,0,0,0,0,0,0,1,0,0
231,27,"Homme",15773,"Célibataire",0,13.5,0,0,0,0,0,0,0,0,0,0,0,1,0,0,1,1,0,0
232,45,"Homme",144551,"Marié(e)",2,47.5,0,1,0,1,0,0,1,0,0,1,0,0,0,0,0,0,1,0
233,29,"Homme",23819,"Célibataire",0,13.5,0,0,0,0,0,0,0,1,0,0,0,0,0,0,1,1,0,0
234,35,"Femme",235631,"Célibataire",2,20.5,0,0,1,0,0,0,1,0,0,1,0,0,0,0,0,0,1,0
235,75,"Femme",27361,"Veuf(ve)",0,28.5,0,0,0,0,0,0,0,0,1,0,1,0,0,1,0,0,0,1
236,46,"Femme",55773,"Célibataire",1,35.5,0,0,0,1,0,1,0,0,0,0,0,1,1,1,0,0,0,1
237,43,"Femme",162428,"Célibataire",0,41,0,0,1,0,0,0,1,0,1,0,0,0,0,0,0,0,1,0
238,79,"Femme",31004,"Marié(e)",1,28.5,0,0,0,1,0,0,0,0,1,0,1,0,0,1,1,0,0,1
239,22,"Homme",28009,"Célibataire",0,36,0,0,0,0,0,0,0,1,0,1,0,0,0,0,1,1,0,0
240,38,"Homme",38137,"Marié(e)",2,33,0,1,0,0,1,1,0,0,0,0,0,0,1,0,0,0,1,0
241,74,"Femme",29990,"Marié(e)",1,14.5,0,0,0,0,0,0,0,1,1,0,1,0,0,0,0,1,0,1
242,24,"Femme",150715,"Célibataire",2,44,0,0,1,0,0,1,1,1,0,0,1,0,1,0,1,0,0,0
243,49,"Homme",52203,"Marié(e)",3,38,0,0,0,1,1,1,0,1,0,0,0,0,0,0,0,1,0,0
244,41,"Homme",196356,"Célibataire",0,17,0,0,0,0,0,0,1,0,0,1,0,0,0,0,0,0,0,1
245,19,"Homme",19340,"Célibataire",0,25,0,0,0,0,1,0,0,1,0,1,0,0,0,0,1,1,0,0
246,53,"Femme",38334,"Marié(e)",2,33.5,0,1,0,1,1,1,0,0,0,0,1,0,1,0,0,0,0,0
247,40,"Homme",45432,"Marié(e)",3,4,0,0,0,0,1,0,0,0,0,0,0,0,1,0,0,0,0,0
248,68,"Femme",30646,"Marié(e)",1,42.5,0,0,0,0,0,1,0,0,0,0,1,0,0,1,0,0,1,1
249,29,"Homme",28069,"Célibataire",0,44,1,0,0,0,0,0,0,1,0,1,0,0,0,0,0,0,0,0
250,66,"Femme",30943,"Marié(e)",0,28,0,0,0,0,1,0,0,0,1,0,1,0,0,1,0,0,0,1
251,70,"Femme",146688,"Célibataire",2,77.5,1,0,0,0,0,1,1,1,1,1,0,0,1,0,0,0,0,1
252,21,"Femme",17338,"Célibataire",1,14,0,0,1,1,0,0,0,0,0,0,0,1,0,1,0,0,0,0
253,41,"Femme",18891,"Célibataire",0,33.5,0,0,0,1,0,0,0,0,0,0,0,1,0,1,0,0,1,0
254,35,"Femme",43591,"Marié(e)",2,8.5,1,1,0,0,0,0,0,0,0,0,0,0,1,0,0,0,0,0
255,41,"Femme",57887,"Marié(e)",3,19,0,1,0,0,1,1,0,0,0,0,1,0,0,0,0,0,0,0
256,47,"Femme",45547,"Marié(e)",2,37.5,0,1,0,0,1,1,0,1,0,0,0,0,1,0,1,0,0,0
257,52,"Homme",45407,"Marié(e)",3,34,0,1,0,0,1,1,0,0,0,1,0,0,0,0,0,0,0,0
258,18,"Homme",25298,"Célibataire",0,36.5,0,0,0,0,0,0,0,1,0,0,0,0,0,1,1,1,0,0
259,72,"Femme",31222,"Marié(e)",0,31,0,1,0,0,0,0,0,0,1,0,1,0,0,1,0,0,0,1
260,46,"Homme",58769,"Marié(e)",3,51,0,1,0,0,1,0,0,0,1,0,1,0,1,0,0,0,0,0
261,52,"Femme",55261,"Célibataire",0,7,0,0,0,0,0,0,0,0,0,0,0,1,0,0,1,1,0,0
262,22,"Homme",18333,"Célibataire",0,20,0,1,0,0,0,1,0,1,0,0,1,0,0,0,1,1,0,0
263,27,"Homme",17909,"Célibataire",0,15,0,0,0,0,0,0,0,1,0,0,0,0,0,0,1,1,0,0
264,77,"Femme",28729,"Veuf(ve)",0,43.5,0,0,0,0,1,0,0,0,0,1,1,1,0,1,0,0,0,1
265,21,"Homme",26290,"Célibataire",0,42.5,0,1,0,0,0,0,1,1,0,0,0,0,0,0,1,1,0,0
266,22,"Homme",25409,"Célibataire",0,19,0,0,0,0,1,0,0,1,0,0,0,0,0,0,1,0,0,0
267,71,"Homme",33879,"Marié(e)",1,22,0,0,0,0,0,0,0,0,1,0,1,0,0,1,0,0,0,1
268,50,"Femme",225279,"Marié(e)",2,40,0,0,1,1,0,0,1,0,0,1,0,0,0,0,0,0,1,0
269,41,"Femme",40935,"Célibataire",0,21,0,0,0,1,0,0,0,1,0,0,0,1,0,1,0,0,1,0
270,24,"Homme",20116,"Célibataire",0,18,0,0,0,0,1,0,0,1,0,0,0,0,0,0,1,0,0,0
271,24,"Homme",27526,"Célibataire",0,29,0,0,0,0,0,0,0,1,0,0,0,0,0,0,1,1,0,0
272,52,"Femme",18711,"Célibataire",0,25.5,0,0,0,1,0,0,0,0,1,0,0,1,0,0,1,1,0,0
273,29,"Homme",24268,"Célibataire",0,35,0,0,0,1,0,0,0,1,0,0,0,0,1,0,0,1,0,0
274,77,"Femme",28512,"Marié(e)",1,13,0,0,1,0,0,0,0,0,1,0,1,0,0,0,0,0,0,1
275,48,"Femme",42317,"Marié(e)",2,40,0,1,0,0,1,1,0,0,0,0,0,0,1,0,0,0,0,1
276,66,"Homme",146721,"Veuf(ve)",3,93.5,1,0,1,1,1,1,0,1,1,1,1,1,0,0,1,0,1,1
277,52,"Femme",32663,"Marié(e)",2,40.5,0,1,0,1,1,1,0,1,0,0,0,0,1,0,0,0,0,0
278,23,"Homme",26734,"Célibataire",0,42,0,0,0,0,1,0,0,1,0,0,0,0,1,0,1,0,0,1
279,76,"Homme",212610,"Célibataire",0,66,1,0,1,0,0,0,0,0,1,1,1,1,1,1,1,1,1,0
280,78,"Femme",25319,"Marié(e)",1,22,0,0,0,0,0,0,0,0,1,0,1,0,0,1,1,0,0,1
281,70,"Femme",18579,"Veuf(ve)",1,16,0,0,0,0,0,1,1,0,1,0,1,0,0,0,1,0,0,1
282,24,"Homme",20686,"Célibataire",2,58.5,1,1,0,0,1,0,0,0,1,1,0,1,0,0,0,0,1,1
283,27,"Homme",19632,"Célibataire",0,6.5,0,0,0,0,0,0,0,1,0,0,0,0,0,0,1,0,0,0
284,45,"Femme",47215,"Marié(e)",2,30.5,0,1,0,0,1,1,0,0,0,0,0,0,1,0,0,0,0,0
285,35,"Homme",46180,"Marié(e)",2,27.5,0,1,0,0,0,1,1,0,0,0,0,1,1,0,0,0,0,0
286,75,"Femme",19584,"Veuf(ve)",0,26,0,0,0,1,0,0,0,0,1,0,1,0,0,1,0,0,0,1
287,23,"Homme",21820,"Célibataire",0,13.5,0,0,0,0,0,0,0,1,0,0,0,0,0,0,1,1,0,0
288,68,"Femme",33328,"Marié(e)",1,62,0,1,1,0,0,1,0,0,1,0,1,0,0,1,0,0,0,1
289,47,"Femme",151746,"Marié(e)",0,31,0,0,1,0,0,0,1,0,0,1,0,1,0,0,0,0,1,0
290,46,"Homme",36207,"Marié(e)",2,21,0,0,0,0,1,1,0,0,0,0,0,0,1,0,1,0,0,0
291,39,"Homme",35641,"Marié(e)",3,24,0,1,0,1,0,1,0,0,0,0,0,0,1,0,0,0,1,0
292,74,"Homme",21080,"Veuf(ve)",0,13.5,0,0,0,0,0,0,0,0,1,0,1,0,0,1,0,0,0,1
293,24,"Homme",24377,"Célibataire",0,35,0,0,0,0,0,0,0,1,0,0,0,0,0,1,1,1,0,0
294,466,"Homme",17679,"Marié(e)",0,72.5,0,0,1,1,0,1,1,0,0,1,1,0,0,0,1,0,0,0
295,69,"Homme",20679,"Veuf(ve)",0,28.5,0,0,0,0,0,0,0,0,1,0,1,0,0,1,0,0,0,1
296,59,"Femme",212401,"Marié(e)",2,100,1,0,1,1,1,1,1,1,1,0,1,0,0,1,1,0,1,1
297,27,"Homme",20378,"Célibataire",0,21,0,0,0,0,0,0,0,1,0,0,0,0,0,0,1,1,1,1
298,20,"Homme",27857,"Célibataire",0,30.5,0,0,0,0,0,0,0,1,0,0,0,0,1,0,1,1,0,0
299,68,"Homme",33988,"Veuf(ve)",0,14,0,0,0,0,0,0,1,0,1,0,1,0,0,1,0,0,0,1
300,55,"Femme",238231,"Célibataire",0,67,0,1,0,1,1,1,0,0,1,1,0,1,1,0,1,0,0,0
301,21,"Homme",24289,"Célibataire",0,33.5,0,1,0,0,0,0,0,1,0,0,0,0,0,0,1,1,0,0
302,61,"Femme",213279,"Marié(e)",1,28,0,0,1,0,0,0,1,0,0,1,0,0,0,0,0,0,1,0
303,20,"Homme",16094,"Célibataire",0,34.5,0,1,0,0,0,1,0,1,0,0,0,0,0,0,0,1,0,1
304,70,"Femme",26080,"Veuf(ve)",1,23,0,0,0,0,0,0,0,0,1,0,1,0,0,1,0,0,0,1
305,25,"Femme",33387,"Célibataire",0,36,0,0,0,1,1,0,0,0,0,1,0,1,0,1,0,0,0,0
306,35,"Homme",49501,"Marié(e)",2,23.5,0,1,0,0,1,1,0,0,0,0,0,0,0,1,0,0,1,0
307,18,"Homme",18655,"Célibataire",0,33,0,0,0,0,0,1,0,1,0,0,0,1,0,0,0,1,0,0
308,23,"Homme",18779,"Célibataire",0,46,0,0,1,0,0,0,0,1,0,1,0,0,0,1,1,1,0,0
309,46,"Femme",27668,"Célibataire",1,46.5,0,0,1,1,0,0,1,0,0,0,0,1,0,1,0,0,0,0
310,54,"Femme",48964,"Marié(e)",3,15,0,0,0,0,0,1,0,0,0,0,0,0,1,0,0,0,0,0
311,36,"Femme",42683,"Marié(e)",3,55.5,0,1,1,0,0,1,0,0,0,0,0,0,1,0,1,0,0,0
312,52,"Homme",53463,"Marié(e)",2,50,0,0,0,0,1,1,0,0,0,0,0,0,1,0,1,0,1,0
313,22,"Homme",16883,"Célibataire",0,16,0,0,0,0,0,0,0,1,0,0,0,0,0,0,1,1,0,0
314,66,"Homme",34483,"Marié(e)",1,39,1,0,0,0,0,0,0,0,0,0,1,0,0,1,0,0,0,1
315,80,"Homme",20429,"Veuf(ve)",1,60,0,0,0,1,0,0,0,1,1,0,1,0,0,1,0,0,0,1
316,71,"Homme",26045,"Marié(e)",1,45.5,0,0,0,1,0,0,1,0,1,0,1,0,0,1,0,1,0,1
317,39,"Femme",43197,"Marié(e)",2,18,0,0,0,0,1,0,1,0,0,0,0,0,1,0,0,0,0,0
318,76,"Homme",26795,"Marié(e)",1,17.5,0,0,0,0,0,0,0,0,1,0,1,0,0,1,0,0,0,0
319,65,"Homme",125424,"Célibataire",2,98.5,0,1,1,1,1,1,1,1,0,0,1,1,0,1,0,1,0,1
320,69,"Femme",22949,"Marié(e)",1,30,0,0,0,0,0,0,0,0,1,0,1,0,0,1,0,0,0,1
321,76,"Femme",28550,"Marié(e)",1,12,0,0,0,0,0,0,0,0,1,0,0,0,1,1,0,0,0,1
322,55,"Femme",245633,"Célibataire",1,46,0,0,1,0,1,0,1,0,0,1,0,0,0,0,0,0,1,1
323,59,"Femme",37820,"Célibataire",0,8,0,0,0,0,0,0,0,1,0,0,0,1,0,0,0,0,1,0
324,25,"Homme",27407,"Célibataire",0,42.5,1,0,0,0,0,1,0,1,0,0,0,1,0,0,1,1,0,0
325,52,"Femme",59310,"Marié(e)",2,47.5,0,1,1,0,1,1,0,0,0,0,0,1,1,0,0,0,1,0
326,28,"Homme",15342,"Célibataire",0,20.5,0,0,0,0,0,0,0,0,0,0,0,0,1,0,1,1,0,1
327,52,"Femme",244235,"Célibataire",1,21,0,0,1,0,0,0,0,0,0,0,0,0,0,0,0,0,1,0
328,44,"Homme",167577,"Célibataire",1,38,0,0,1,1,0,1,1,0,0,0,0,0,0,0,0,0,0,0
329,77,"Homme",34113,"Marié(e)",2,76.5,0,0,1,0,1,1,1,1,1,1,0,0,1,1,1,0,1,1
330,29,"Homme",25834,"Célibataire",0,39,0,0,0,0,0,0,0,1,1,0,0,0,1,0,1,1,0,0
331,48,"-",57649,"Marié(e)",3,32.5,0,1,0,0,1,1,0,0,0,0,0,0,0,0,0,0,0,0
332,22,"Femme",125478,"Veuf(ve)",0,87.5,1,1,0,0,1,1,0,0,0,1,0,0,0,1,1,1,1,1
333,46,"Homme",55573,"Marié(e)",2,49,0,1,0,0,1,1,0,0,1,0,0,0,1,0,0,0,0,0
334,51,"Homme",81573,"Marié(e)",2,47,0,1,1,0,0,0,1,0,0,1,1,1,0,1,0,1,1,0
335,28,"Homme",16594,"Célibataire",0,48,0,0,1,0,0,0,0,0,0,0,0,1,1,0,0,0,0,0
336,25,"Homme",18081,"Célibataire",0,26,0,1,0,0,0,0,0,1,1,0,0,0,0,0,1,1,0,0
337,67,"Femme",34865,"Marié(e)",1,70,0,1,0,0,0,0,0,0,1,0,1,1,0,1,1,0,0,1
338,74,"Homme",33439,"Veuf(ve)",1,39.5,0,0,0,0,1,0,0,0,1,0,1,1,0,0,0,1,0,0
339,20,"Femme",25552,"Célibataire",0,26,1,0,0,1,0,0,0,0,0,0,0,1,0,1,0,0,0,0
340,71,"Femme",19684,"Veuf(ve)",1,19,0,0,0,0,0,0,0,0,0,0,1,0,0,1,0,0,0,1
341,20,"Homme",19274,"Célibataire",0,24.5,0,0,0,0,0,0,0,1,0,0,0,1,0,1,1,1,0,0
342,18,"Homme",20101,"Célibataire",0,18.5,0,0,0,0,0,0,0,1,0,0,0,0,0,0,1,1,0,0
343,22,"Femme",54870,"Célibataire",0,17.5,0,1,0,1,0,0,0,0,0,0,0,1,0,1,0,0,0,0
344,57,"Homme",43360,"Marié(e)",2,59.5,0,0,1,0,0,0,1,0,1,0,0,0,1,0,1,1,1,1
345,26,"Homme",28081,"Célibataire",0,35,0,0,0,0,0,0,0,1,0,1,0,0,0,0,1,1,0,0
346,70,"Femme",32136,"Marié(e)",1,36.5,1,0,0,0,0,0,1,0,1,0,1,0,0,1,0,0,0,1
347,37,"Homme",46294,"Marié(e)",2,42,0,1,0,0,1,1,0,1,0,0,0,0,1,0,0,0,0,1
348,78,"Homme",25628,"Veuf(ve)",0,46,1,0,1,0,0,0,0,0,0,0,1,0,0,1,1,0,0,1
349,54,"Homme",47489,"Marié(e)",2,24.5,0,1,0,1,0,1,1,0,0,0,0,0,1,0,0,0,1,0
350,55,"Femme",30553,"Marié(e)",2,45,0,1,0,0,1,1,0,0,0,0,0,0,1,0,0,0,0,0
351,52,"Femme",32151,"Marié(e)",3,42.5,0,1,0,0,1,1,0,0,0,1,0,0,1,0,0,0,0,0
352,22,"Homme",79178,"Veuf(ve)",3,69.5,0,1,1,1,0,0,0,1,1,0,1,0,1,0,1,0,1,1
353,19,"Homme",25312,"Célibataire",0,20,0,0,0,0,0,0,1,1,0,0,1,0,0,0,0,1,0,0
354,78,"Femme",26714,"Veuf(ve)",0,21,0,0,0,0,0,0,0,0,1,1,1,0,0,1,0,0,0,0
355,266,"Femme",37601,"Veuf(ve)",2,41.5,0,0,0,0,0,0,1,0,0,1,0,1,0,1,1,1,1,0
356,39,"Femme",244725,"Célibataire",0,22,1,0,0,0,0,0,1,0,0,1,0,0,0,0,0,0,1,0
357,47,"Homme",51181,"Marié(e)",0,39.5,0,0,0,1,0,0,1,0,0,1,0,1,0,1,0,0,1,1
358,61,"Femme",167738,"Marié(e)",3,65,1,0,1,0,0,1,0,0,1,0,1,1,0,1,1,1,0,1
359,20,"Femme",199206,"Célibataire",2,67.5,1,0,0,0,1,0,0,0,0,1,1,0,0,1,1,0,1,1
360,43,"Femme",31490,"Marié(e)",3,20,0,1,0,0,1,1,0,0,0,0,0,0,0,0,0,1,0,0
361,26,"Femme",55999,"Célibataire",0,15.5,0,0,0,1,0,0,0,0,0,0,0,1,0,1,0,0,0,0
362,71,"Homme",28145,"Veuf(ve)",1,56.5,0,1,0,0,0,0,0,0,1,1,0,0,0,1,0,0,1,1
363,37,"Homme",31385,"Marié(e)",2,19.5,1,1,0,0,1,1,0,0,0,0,0,0,1,0,0,0,0,0
364,79,"Femme",32630,"Veuf(ve)",1,13.5,0,0,0,0,0,0,0,0,1,0,1,0,0,1,0,0,0,1
365,51,"Femme",17868,"Célibataire",0,16.5,0,0,0,1,1,0,0,0,0,0,0,1,0,1,0,0,0,0
366,41,"Homme",43547,"Marié(e)",2,42,0,1,0,0,1,1,0,0,0,1,0,0,0,0,0,1,0,0
367,73,"Femme",32601,"Veuf(ve)",0,45.5,0,0,0,0,0,0,0,0,1,1,1,1,0,1,0,0,0,1
368,27,"Homme",17648,"Célibataire",0,11,0,1,0,0,0,0,0,0,0,0,0,0,0,0,0,0,0,0
369,29,"Femme",243843,"Marié(e)",3,53,0,1,1,0,0,0,0,0,0,0,1,1,1,0,1,1,0,1
370,66,"Homme",25579,"Veuf(ve)",1,19.5,0,0,0,0,0,0,0,0,1,0,1,0,0,1,0,0,0,1
371,24,"Homme",24380,"Célibataire",0,15,0,0,0,0,0,0,0,1,0,0,0,0,0,0,1,1,0,0
372,31,"Femme",49393,"Célibataire",0,32.5,0,0,0,1,0,0,0,0,0,0,0,1,0,1,0,0,0,0
373,54,"Homme",41620,"Célibataire",1,69,1,0,1,0,1,1,1,0,0,1,1,1,1,0,1,0,0,0
374,66,"Homme",28866,"Veuf(ve)",0,33,0,0,0,0,0,0,0,0,1,0,1,0,0,1,0,1,0,1
375,36,"Femme",18131,"Célibataire",1,24,0,1,0,1,1,0,0,0,0,0,0,1,0,1,0,0,0,0
376,38,"Femme",26988,"Célibataire",0,10.5,0,0,0,1,0,0,0,0,0,0,0,1,0,1,0,0,0,0
377,18,"Homme",22785,"Célibataire",0,10.5,0,0,0,0,0,0,0,0,0,0,0,0,0,0,1,1,0,0
378,70,"Femme",21668,"Marié(e)",1,48,0,1,0,0,0,0,0,0,1,0,1,0,0,1,0,0,0,1
379,41,"Femme",30853,"Marié(e)",3,21.5,0,1,0,0,1,1,0,0,0,0,0,0,1,0,0,0,0,0
380,39,"Homme",59719,"Marié(e)",2,20.5,0,1,0,0,1,1,0,0,0,0,0,0,1,0,0,0,0,0
381,20,"Femme",58407,"Célibataire",0,31.5,0,0,0,1,1,0,0,0,0,0,0,1,0,0,0,0,1,0
382,36,"Homme",49740,"Marié(e)",3,46.5,0,1,0,0,1,1,1,0,0,0,0,1,1,0,0,0,0,0
383,23,"Homme",26655,"Célibataire",0,32,0,0,0,0,0,0,0,1,0,0,0,0,0,0,1,1,0,0
384,19,"Homme",16194,"Célibataire",0,16,0,0,0,0,0,0,0,1,0,0,0,0,1,0,0,1,0,0
385,55,"Homme",225923,"Célibataire",3,54.5,1,1,1,0,0,1,1,0,0,1,0,1,0,0,0,1,1,0
386,23,"Femme",180419,"Veuf(ve)",1,96.5,1,1,0,0,1,1,0,1,1,1,0,1,0,1,1,0,1,1
387,65,"Femme",22892,"Marié(e)",1,55,0,0,1,0,1,0,0,0,1,0,1,0,0,1,0,1,0,1
388,21,"Homme",16213,"Célibataire",0,19,0,1,0,0,0,0,0,1,0,0,0,0,0,0,1,1,1,0
389,44,"Femme",30177,"Marié(e)",3,22,0,0,0,0,1,1,0,0,0,0,0,0,1,0,1,1,0,0
390,21,"Homme",21447,"Célibataire",0,22,0,0,0,1,1,0,0,1,0,1,0,0,0,0,1,0,0,0
391,25,"Femme",19578,"Célibataire",0,14,0,0,0,1,0,0,0,0,0,0,0,1,0,0,0,0,0,0
392,28,"Homme",17147,"Célibataire",0,20.5,1,0,0,1,0,0,0,1,0,0,0,0,0,0,0,1,0,0
393,36,"Homme",124226,"Marié(e)",0,46.5,1,0,0,0,0,0,1,0,0,1,0,0,0,0,0,0,1,0
394,23,"Homme",29987,"Célibataire",0,17.5,0,0,0,0,0,0,0,1,0,0,0,0,0,0,1,1,0,0
395,69,"Homme",24966,"Marié(e)",1,56,0,0,0,1,0,0,0,1,1,0,1,1,0,1,0,0,0,1
396,66,"Homme",20781,"Veuf(ve)",0,43,0,0,0,0,0,0,0,0,1,0,0,0,0,1,0,0,0,1
397,43,"Femme",171635,"Célibataire",2,23,0,0,0,0,0,0,1,0,0,1,0,0,0,0,0,0,1,0
398,65,"Homme",23068,"Veuf(ve)",1,40.5,0,0,0,0,0,0,0,0,1,0,1,0,1,1,1,0,0,1
399,73,"Homme",19272,"Marié(e)",1,27.5,0,0,1,1,0,0,0,0,1,0,1,0,0,1,0,0,0,1
400,72,"Homme",21690,"Marié(e)",0,11,0,0,0,0,0,0,0,0,0,0,1,0,0,1,0,0,0,1
401,51,"Homme",54307,"Marié(e)",2,26,0,0,0,0,0,1,0,0,0,0,0,0,1,0,0,0,0,0
402,22,"Homme",19208,"Célibataire",0,12.5,0,0,0,0,0,0,0,1,0,0,0,0,0,0,0,1,0,0
403,39,"Homme",55743,"Marié(e)",2,52.5,0,1,0,0,1,0,0,1,0,1,0,0,1,1,0,0,0,0
404,37,"Homme",240310,"Célibataire",1,13.5,0,0,0,0,0,0,1,0,1,1,0,0,0,0,0,0,1,0
405,23,"Homme",19179,"Célibataire",0,2,0,0,0,0,0,0,0,0,0,0,0,0,0,0,0,1,0,0
406,480,"Femme",43446,"Célibataire",0,38,0,0,0,1,0,0,0,1,1,0,0,0,0,1,0,0,0,0
407,47,"Homme",76373,"Célibataire",3,63,0,1,1,1,0,1,1,1,1,1,0,0,0,1,0,0,0,1
408,51,"Femme",160499,"Veuf(ve)",0,55.5,1,0,1,0,1,0,1,0,0,1,0,0,1,0,0,0,0,1
409,25,"Femme",50391,"Célibataire",1,20,0,0,0,1,0,1,0,0,0,0,0,1,0,1,0,0,0,0
410,53,"Femme",151554,"Marié(e)",3,88,1,1,0,1,1,1,0,1,1,1,0,1,1,1,1,0,1,1
411,37,"Femme",28940,"Célibataire",1,8,0,0,0,1,0,0,0,0,0,0,0,1,0,1,0,0,0,0
412,38,"Femme",43862,"Marié(e)",3,8,0,0,0,0,1,0,0,0,0,0,0,0,1,0,0,0,0,0
413,62,"Homme",139307,"Célibataire",1,28,0,0,0,1,0,0,1,0,0,1,1,1,0,0,0,0,0,0
414,56,"Homme",131123,"Célibataire",3,108.5,1,0,0,1,1,1,0,1,1,1,1,0,1,1,1,0,1,1
415,36,"Homme",31411,"Marié(e)",2,17.5,0,1,0,0,1,0,0,0,0,0,0,1,1,0,0,0,0,0
416,25,"Homme",24218,"Célibataire",0,39.5,0,0,0,0,0,0,1,1,0,0,1,1,0,0,1,1,0,0
417,38,"Femme",176418,"Célibataire",2,51.5,0,0,1,1,1,0,1,0,0,1,0,0,0,0,0,0,1,0
418,47,"Homme",238996,"Marié(e)",1,36,0,0,1,0,0,0,1,0,0,1,0,0,0,0,0,0,1,0
419,62,"Homme",174834,"Célibataire",0,37.5,0,0,0,1,0,0,0,1,0,0,0,1,0,1,1,0,1,1
420,21,"Homme",23755,"Célibataire",0,35.5,0,0,0,0,0,0,0,1,0,0,1,0,0,0,1,1,0,0
421,18,"Homme",24577,"Célibataire",0,32,0,0,0,0,0,0,0,0,0,0,0,0,0,1,1,1,0,0
422,20,"Homme",29433,"Célibataire",0,60.5,0,0,0,0,1,0,0,1,0,0,0,0,0,1,1,1,0,1
423,51,"Homme",47550,"Marié(e)",2,36.5,0,0,0,0,1,1,0,0,0,1,0,0,1,0,0,1,0,0
424,48,"Homme",161068,"Célibataire",1,20,0,0,1,0,0,0,0,0,0,1,0,0,0,0,0,0,1,0
425,39,"Femme",55581,"Marié(e)",2,15,0,1,0,0,0,0,0,0,0,0,0,0,1,0,0,0,0,0
426,52,"Femme",39333,"Célibataire",0,24.5,0,0,0,1,0,0,0,0,0,1,0,0,0,0,0,0,0,1
427,41,"Homme",149746,"Marié(e)",0,35,0,0,0,0,0,0,1,0,0,0,1,0,0,0,0,0,0,1
428,35,"Femme",21390,"Célibataire",1,13,0,0,0,0,0,0,0,0,0,0,0,1,0,1,0,0,0,0
429,58,"Homme",120940,"Célibataire",1,8.5,0,0,1,0,0,0,1,0,0,0,0,0,0,1,0,0,0,0
430,65,"Femme",23972,"Marié(e)",1,23,0,0,0,0,1,0,0,0,1,0,1,0,0,0,0,0,0,1
431,26,"Homme",29168,"Célibataire",0,30.5,0,0,0,0,1,0,0,0,0,0,1,0,0,1,1,1,0,0
432,21,"Femme",52213,"Célibataire",0,26.5,0,0,0,1,1,0,0,0,0,1,1,1,0,1,0,0,0,0
433,29,"Homme",22393,"Célibataire",0,13,0,1,0,0,0,0,0,0,0,0,0,0,0,0,1,1,0,0
434,80,"Femme",20628,"Veuf(ve)",0,61.5,1,0,0,0,0,0,0,1,1,0,1,1,0,1,0,0,0,1
435,47,"Homme",54770,"Marié(e)",3,29.5,0,1,0,0,1,1,0,1,0,0,0,0,1,0,0,0,0,0
436,38,"Homme",44782,"Marié(e)",2,23.5,0,1,0,0,1,1,0,0,0,0,0,0,1,0,0,0,0,0
437,40,"Femme",151845,"Marié(e)",1,14.5,0,0,1,0,0,0,1,0,0,0,0,0,0,0,0,0,0,0
438,65,"Femme",25147,"Marié(e)",1,13,0,0,0,0,0,0,0,0,1,0,1,0,0,1,0,0,0,1
439,41,"Homme",205876,"Célibataire",0,26.5,0,0,1,0,0,0,1,0,0,1,1,0,1,0,0,0,1,0
440,55,"Homme",40146,"Marié(e)",2,46,0,1,0,0,1,1,1,0,0,0,0,0,0,0,0,1,0,0
441,73,"Homme",27061,"Veuf(ve)",0,44,0,0,0,0,0,1,0,1,1,0,1,0,0,1,0,0,0,1
442,23,"Homme",21330,"Célibataire",0,17.5,0,0,0,0,0,0,0,1,1,0,0,1,0,0,1,1,0,0
443,41,"Femme",55659,"Marié(e)",2,35,0,1,1,0,0,1,0,0,0,0,0,0,1,0,0,0,0,0
444,44,"Femme",215562,"Célibataire",2,11.5,0,0,0,0,0,0,1,0,0,1,0,0,0,0,0,0,1,0
445,60,"Femme",169606,"Célibataire",2,26.5,0,0,0,0,0,0,1,0,0,1,0,1,0,0,0,0,1,0
446,36,"Femme",56688,"Marié(e)",2,30.5,0,1,0,0,1,1,0,0,0,0,0,0,1,0,0,0,0,0
447,43,"Femme",52774,"Célibataire",1,14,0,0,1,1,1,0,0,0,0,0,0,1,0,1,0,0,0,0
448,26,"Homme",27523,"Célibataire",0,26.5,0,0,0,0,0,0,0,1,1,0,0,0,0,1,1,1,0,0
449,41,"Femme",56969,"Célibataire",0,23,0,0,0,1,0,0,0,0,0,0,0,1,0,1,0,1,0,0
450,73,"Homme",30334,"Veuf(ve)",1,55.5,0,0,0,0,0,0,1,0,1,0,0,0,1,1,0,0,1,1
451,47,"Femme",38926,"Marié(e)",2,21.5,0,1,0,0,1,1,0,0,0,0,0,0,1,0,0,0,0,0
452,19,"Homme",15228,"Célibataire",0,27.5,0,0,0,0,0,0,0,1,0,0,0,0,0,0,1,1,0,0
453,37,"Homme",42266,"Marié(e)",2,9.5,0,1,0,0,0,1,0,0,0,0,0,0,1,0,0,0,0,0
454,26,"Homme",20440,"Célibataire",0,27,0,0,1,0,0,0,0,0,0,0,0,0,0,0,1,1,0,0
455,18,"Homme",24123,"Célibataire",0,20,0,0,0,0,0,0,0,1,0,0,0,0,0,0,1,0,0,0
456,43,"Femme",38705,"Célibataire",1,14.5,0,0,0,1,0,0,0,0,0,0,0,1,0,0,0,0,0,0
457,22,"Homme",23033,"Célibataire",0,18,0,0,0,0,0,0,0,1,0,0,0,0,0,0,1,1,1,0
458,36,"Homme",205327,"Marié(e)",1,20.5,0,0,1,0,0,0,0,0,0,1,1,0,0,0,0,0,1,0
459,66,"Femme",31527,"Marié(e)",0,42,0,0,0,0,0,0,0,1,1,0,1,0,0,1,0,0,0,1
460,56,"Femme",43197,"Célibataire",0,34,0,0,0,1,0,0,0,0,0,0,0,1,0,1,0,0,0,0
461,50,"Femme",58589,"Marié(e)",3,5,0,1,0,0,0,1,0,0,0,0,0,0,0,0,0,0,0,0
462,61,"Homme",202692,"Marié(e)",0,42.5,0,0,1,0,0,0,1,0,0,1,0,0,0,0,0,0,1,1
463,20,"Homme",27413,"Célibataire",0,24,0,0,0,0,0,0,1,0,0,0,0,0,1,0,1,1,0,0
464,21,"Homme",24943,"Célibataire",0,8,0,0,0,0,0,0,0,0,0,0,0,0,0,0,1,1,0,0
465,68,"Femme",22044,"Marié(e)",1,49,1,0,0,0,0,0,0,0,1,0,1,0,0,1,1,0,0,1
466,23,"Homme",23340,"Célibataire",0,37.5,0,0,0,0,0,0,0,1,0,1,0,0,0,0,1,1,0,0
467,26,"Homme",21391,"Célibataire",0,5.5,0,0,0,0,0,0,0,1,0,0,0,0,0,0,1,0,0,0
468,40,"Femme",57763,"Marié(e)",2,29.5,0,1,1,1,0,1,0,0,0,0,0,1,1,0,0,0,0,0
469,63,"Femme",135749,"Célibataire",1,27,0,0,1,0,0,0,1,0,0,1,0,0,0,0,0,0,1,0
470,29,"Homme",22458,"Célibataire",0,30.5,0,0,0,1,0,0,0,1,0,0,0,0,0,0,1,1,0,0
471,50,"Femme",56961,"Marié(e)",2,30.5,1,0,0,0,1,1,0,0,0,0,0,0,1,0,1,0,1,0
472,36,"Homme",133222,"Veuf(ve)",3,40,0,0,1,0,0,1,0,0,0,0,1,1,1,0,1,0,1,0
473,67,"Femme",24047,"Marié(e)",0,34,0,0,0,0,0,1,0,0,1,0,1,0,0,1,0,0,0,1
474,23,"Homme",25268,"Célibataire",0,32.5,0,0,0,0,0,0,0,1,0,0,0,0,0,0,1,1,0,0
475,73,"Femme",25390,"Marié(e)",1,25,0,0,0,0,0,0,0,0,0,0,0,0,1,1,0,0,0,1
476,21,"Homme",24169,"Célibataire",0,3,0,0,0,0,0,0,0,1,0,0,0,0,0,0,0,0,0,0
477,18,"Homme",15533,"Célibataire",0,8,0,0,0,0,0,0,0,1,0,0,0,0,0,0,1,1,0,0
478,51,"Homme",53384,"Marié(e)",3,36,0,1,0,0,1,1,0,0,0,0,0,0,1,0,0,0,0,0
479,23,"Homme",25095,"Célibataire",0,15,0,0,0,0,0,0,0,0,0,0,0,0,0,0,1,1,1,0
480,40,"Homme",40057,"Marié(e)",3,19.5,0,1,0,0,1,1,0,0,0,0,0,0,1,0,0,0,0,0
481,37,"Femme",38536,"Célibataire",0,14,0,0,0,1,0,0,0,0,0,0,0,1,0,0,0,0,0,0
482,69,"Homme",23750,"Veuf(ve)",0,43,0,0,1,0,0,0,1,0,1,0,1,0,0,1,0,0,0,1
483,54,"Homme",247269,"Marié(e)",1,30.5,0,0,1,0,0,0,1,0,0,1,0,0,0,0,0,0,1,0
484,20,"Homme",29389,"Célibataire",0,21.5,0,0,0,0,0,0,0,1,1,0,0,0,0,0,1,1,0,0
485,76,"Femme",28618,"Marié(e)",0,30,0,0,0,0,0,0,0,1,1,0,0,0,0,1,0,0,0,0
486,41,"Femme",39403,"Marié(e)",2,19,0,0,0,0,1,1,0,0,0,0,0,0,1,0,0,0,0,0
487,68,"Femme",31264,"Marié(e)",0,66.5,0,1,0,0,0,0,0,1,1,0,1,0,0,1,0,0,1,1
488,50,"-",159436,"Célibataire",3,99,1,1,1,0,1,1,0,1,1,1,1,0,0,1,1,1,1,0
489,51,"Femme",127814,"Célibataire",2,47,0,0,1,0,1,0,1,0,0,0,0,0,0,0,0,0,1,0
490,36,"Femme",122833,"Célibataire",1,49.5,0,0,1,1,0,0,1,0,1,1,0,0,0,0,0,0,1,0
491,47,"Homme",38266,"Marié(e)",2,42,0,1,0,0,1,1,0,1,0,0,0,0,1,0,0,0,1,0
492,51,"Femme",73084,"Célibataire",1,103.5,0,0,1,1,1,1,1,1,1,1,0,1,1,0,1,1,0,0
493,50,"Femme",40349,"Marié(e)",2,47.5,0,1,1,0,1,1,0,0,0,0,0,0,1,0,0,0,0,1
494,36,"Femme",44805,"Marié(e)",3,44.5,0,0,0,0,1,1,0,0,1,1,0,0,1,0,0,1,0,0
495,68,"Femme",34784,"Marié(e)",1,38,0,0,0,0,0,0,0,0,1,0,1,0,0,1,0,0,0,1
496,43,"Homme",47932,"Marié(e)",3,32.5,0,0,0,0,1,1,0,0,0,0,0,0,1,0,0,0,0,0
497,45,"-",179136,"Marié(e)",1,33,0,0,1,0,0,0,1,0,0,1,1,0,0,0,0,0,0,0
498,75,"Homme",22955,"Veuf(ve)",1,28.5,0,0,0,0,0,0,0,0,1,0,1,0,0,1,0,0,0,1
499,70,"Femme",20843,"Veuf(ve)",0,34,0,0,0,0,0,0,0,0,1,0,1,0,0,0,0,0,0,1
500,68,"Femme",21518,"Veuf(ve)",0,41,0,0,0,0,0,0,0,0,1,0,1,0,0,1,0,0,1,1
501,43,"Femme",35590,"Marié(e)",2,27,0,1,0,0,1,1,0,0,0,0,0,0,1,0,0,0,0,0
502,46,"Femme",221983,"Marié(e)",2,37,0,0,1,0,0,0,1,0,0,1,0,0,0,0,0,0,1,0
503,53,"Femme",50536,"Veuf(ve)",1,90,1,0,1,0,1,1,0,0,1,1,0,1,1,0,1,1,0,1
504,25,"Homme",26817,"Célibataire",0,18,0,0,0,0,0,0,0,1,0,0,0,1,0,0,1,0,0,0
505,21,"Homme",25520,"Célibataire",0,21,0,0,0,0,0,0,0,0,0,0,0,0,0,0,0,1,1,0
506,27,"Homme",24972,"Célibataire",0,27.5,0,0,0,0,0,0,0,1,0,0,0,0,0,0,1,1,0,0
507,53,"Homme",184142,"Marié(e)",2,47,0,0,0,0,0,0,1,1,0,1,0,0,0,0,1,0,1,0
508,73,"Femme",162132,"Célibataire",3,35,0,1,0,0,0,1,0,0,0,1,1,1,1,0,1,0,0,0
509,28,"Homme",28353,"Célibataire",0,42,0,0,0,1,0,0,0,1,0,0,0,0,0,0,1,1,1,0
510,21,"Homme",26042,"Célibataire",0,32.5,0,0,0,0,0,0,1,1,0,0,0,0,0,0,1,0,0,0
511,52,"Femme",146455,"Célibataire",1,13.5,0,1,0,0,0,0,1,0,0,1,0,0,0,0,0,0,0,0
512,53,"Femme",189767,"Marié(e)",0,16,0,0,1,1,0,0,1,0,0,1,0,0,0,0,0,0,1,0
513,73,"Homme",21402,"Marié(e)",0,41,0,0,1,0,0,0,0,0,1,0,1,0,0,1,0,0,0,1
514,67,"Homme",34730,"Marié(e)",1,19,0,0,0,0,0,0,1,0,1,0,0,0,0,1,0,0,0,1
515,43,"Homme",41117,"Marié(e)",3,31,0,1,0,1,1,1,0,0,0,0,0,0,1,0,0,0,0,0
516,69,"Homme",18610,"Veuf(ve)",1,28.5,0,0,0,0,0,0,0,0,1,0,1,0,0,1,0,0,0,1
517,66,"Homme",34053,"Veuf(ve)",1,36,0,0,0,0,0,0,0,0,1,0,1,0,0,1,0,0,0,1
518,23,"Homme",16891,"Célibataire",0,27,0,0,1,0,0,0,1,1,0,0,0,0,0,0,0,1,0,0
519,36,"Homme",170479,"Marié(e)",2,19.5,0,0,0,0,0,1,1,0,0,0,0,0,0,0,0,0,1,0
520,21,"Homme",27921,"Célibataire",0,17.5,0,0,0,0,0,0,0,1,0,0,0,0,0,0,1,1,0,0
521,35,"Homme",36835,"Marié(e)",3,15.5,0,1,1,0,1,1,0,0,0,0,0,0,0,0,0,0,0,0
522,48,"Femme",58090,"Marié(e)",2,10.5,0,1,0,0,1,0,0,0,0,0,0,0,1,0,0,0,0,0
523,43,"Homme",53449,"Marié(e)",2,33,0,1,0,0,0,0,0,1,0,0,0,1,1,0,0,0,0,0
524,18,"Homme",21911,"Célibataire",0,11,0,0,0,0,0,0,1,0,0,0,1,0,0,0,0,1,0,0
525,53,"Homme",44451,"Marié(e)",2,32,0,1,0,0,0,1,0,0,0,0,1,0,0,0,1,1,0,0
526,50,"Homme",92470,"Marié(e)",0,78,0,0,1,1,0,0,1,0,1,0,0,1,1,1,1,1,0,0
527,77,"Homme",18537,"Veuf(ve)",0,46,0,0,0,0,0,0,1,0,1,0,1,0,0,1,1,0,0,1
528,45,"Homme",37236,"Marié(e)",3,10,0,0,0,0,1,0,0,0,0,0,0,0,1,0,0,0,1,0
529,53,"Femme",152802,"Célibataire",1,35.5,0,1,1,0,0,0,1,0,0,1,0,0,0,0,1,0,1,0
530,20,"Homme",21877,"Célibataire",0,23.5,0,0,0,0,0,0,0,1,1,0,0,0,0,0,1,1,1,0
531,67,"Femme",31433,"Veuf(ve)",1,38,0,0,0,0,0,0,0,0,1,0,1,0,0,1,0,0,0,1
532,25,"Homme",23870,"Célibataire",0,20.5,0,0,0,0,1,0,0,1,0,0,0,0,0,0,1,1,0,0
533,23,"Femme",32190,"Célibataire",0,32,0,0,0,1,0,0,0,0,0,0,0,1,0,1,0,0,0,0
534,36,"Femme",51054,"Marié(e)",2,44.5,0,1,1,0,1,1,0,0,0,0,0,0,1,0,0,1,0,0
535,38,"Femme",48219,"Célibataire",0,20,0,0,0,1,0,1,0,0,0,0,0,1,0,1,0,0,0,0
536,41,"Femme",31697,"Marié(e)",3,45.5,0,1,1,0,1,1,0,0,0,0,0,0,1,0,1,0,0,0
537,68,"Homme",29128,"Veuf(ve)",1,41,0,0,0,0,0,1,0,0,1,0,1,0,1,1,0,0,1,1
538,25,"Homme",26610,"Célibataire",0,3,0,0,0,0,0,0,0,0,0,0,0,0,0,0,1,0,0,0
539,62,"Femme",157318,"Marié(e)",1,23,0,0,0,0,0,0,1,0,0,1,0,0,0,0,0,0,1,0
540,47,"Femme",54795,"Marié(e)",3,34,0,0,0,0,1,1,0,0,1,0,0,0,0,0,0,0,0,0
541,28,"Homme",15109,"Célibataire",0,38,0,0,0,0,0,0,0,1,0,0,0,0,1,0,1,1,0,0
542,856,"Homme",17289,"Célibataire",0,4,0,0,0,0,0,0,0,0,0,0,0,0,0,0,0,1,0,0
543,38,"Femme",20738,"Célibataire",0,33.5,0,0,0,1,0,0,0,1,0,0,0,1,0,1,0,0,0,1
544,38,"Femme",43047,"Marié(e)",2,16.5,0,1,0,0,1,1,0,0,0,0,0,0,0,0,1,0,0,0
545,40,"Femme",46062,"Marié(e)",3,51,0,0,0,0,1,1,0,0,0,1,0,0,1,0,1,0,0,0
546,27,"Homme",24737,"Célibataire",0,28.5,0,0,0,0,0,0,0,1,1,0,0,0,0,0,1,0,0,1
547,20,"Homme",16680,"Célibataire",0,19,0,0,0,1,0,0,0,1,0,0,0,0,0,0,1,1,0,0
548,73,"Femme",25715,"Veuf(ve)",1,41,0,0,0,0,0,0,0,0,1,0,1,0,0,1,0,0,0,1
549,78,"Femme",32476,"Veuf(ve)",0,42,0,0,0,0,0,1,0,0,1,0,1,0,0,1,0,1,0,1
550,41,"Femme",51759,"Célibataire",0,14,0,0,0,0,0,0,0,0,0,0,0,1,0,1,0,0,0,0
551,40,"Homme",55372,"Marié(e)",3,7,0,1,0,0,1,1,0,0,0,0,0,0,0,0,0,0,0,0
552,48,"Femme",33707,"Célibataire",0,44.5,0,0,0,1,0,1,1,0,0,0,1,1,0,1,0,0,0,0
553,29,"Homme",22030,"Célibataire",0,9,0,0,0,0,0,0,0,0,0,0,0,0,0,0,0,1,0,0
554,18,"Homme",22344,"Célibataire",0,32.5,0,0,1,0,0,0,0,1,1,0,0,0,0,0,1,1,0,0
555,79,"Homme",32182,"Veuf(ve)",0,24,0,0,1,0,0,0,0,0,1,0,1,0,0,1,0,0,0,1
556,38,"Femme",19508,"Célibataire",0,27.5,0,0,0,0,0,0,0,0,0,1,0,1,0,1,0,0,0,0
557,55,"Femme",225529,"Marié(e)",0,15,0,0,1,0,0,0,1,0,0,0,1,0,0,0,0,0,1,0
558,52,"Femme",220735,"Célibataire",0,16.5,0,0,1,0,0,0,1,0,0,1,0,0,0,0,0,0,0,0
559,76,"Femme",26173,"Veuf(ve)",0,44.5,0,0,0,1,0,0,1,0,1,0,1,1,0,1,0,0,0,1
560,36,"Homme",220767,"Marié(e)",1,9,0,0,1,0,0,0,1,0,0,0,0,0,0,0,0,0,0,0
561,42,"Homme",45452,"Marié(e)",3,28,0,1,0,0,1,0,0,1,1,1,0,0,0,0,0,0,0,0
562,35,"Femme",36011,"Marié(e)",3,23.5,0,1,0,0,1,1,0,0,0,0,0,0,1,0,0,0,0,0
563,19,"Homme",19893,"Célibataire",0,40,0,0,0,1,0,0,0,1,0,0,0,0,0,0,1,1,0,0
564,25,"Homme",16890,"Célibataire",0,35.5,0,0,0,0,0,0,0,1,0,0,0,0,0,0,1,1,0,1
565,44,"Femme",35914,"Marié(e)",3,26.5,1,1,0,0,0,1,0,0,0,0,0,0,1,0,0,0,0,0
566,76,"Femme",32251,"Veuf(ve)",0,41,0,0,0,0,0,0,0,0,1,0,1,0,0,1,0,0,0,1
567,23,"Homme",28543,"Célibataire",0,30,0,0,0,1,0,0,0,1,0,0,0,0,0,0,1,1,1,0
568,44,"Homme",188423,"Veuf(ve)",1,61.5,0,0,1,1,1,0,0,0,1,0,0,1,0,1,1,1,1,0
569,79,"Homme",32063,"Marié(e)",0,10,0,0,0,0,0,0,0,0,1,0,1,0,0,1,0,0,0,1
570,26,"Homme",27462,"Célibataire",0,34.5,1,0,0,0,0,0,0,1,0,0,0,1,0,0,1,1,0,0
571,47,"Femme",57976,"Marié(e)",3,22,0,1,0,0,1,0,0,0,0,0,0,0,1,0,0,0,0,0
572,19,"Homme",179615,"Veuf(ve)",1,49,0,1,0,0,0,1,1,0,0,0,0,1,1,0,1,0,0,1
573,34,"Femme",151655,"Célibataire",1,67,1,1,1,0,1,0,0,1,1,0,1,1,1,1,0,0,0,0
574,76,"Femme",26561,"Veuf(ve)",1,18,0,0,0,0,0,0,0,0,1,0,1,0,0,0,0,0,0,1
575,46,"Femme",57861,"Marié(e)",3,15.5,0,0,0,0,1,1,0,0,0,0,0,0,1,0,0,0,0,0
576,20,"Homme",22816,"Célibataire",0,41.5,0,0,0,0,1,0,0,0,0,0,0,0,0,0,1,1,1,1
577,36,"Femme",245427,"Célibataire",1,47,0,0,1,0,0,1,1,0,0,1,0,0,0,0,0,0,1,1
578,26,"Homme",22557,"Célibataire",0,24,0,0,0,0,0,0,1,1,0,0,0,0,0,0,0,0,0,0
579,65,"Femme",185978,"Célibataire",1,45.5,1,0,1,1,0,0,1,0,0,1,0,0,0,0,0,0,1,0
580,38,"Homme",40121,"Marié(e)",3,42.5,0,1,0,1,0,1,1,0,0,0,0,0,0,0,0,0,0,1
581,41,"Homme",31128,"Marié(e)",2,40.5,0,1,0,0,1,1,0,0,0,0,0,1,1,0,0,0,0,0
582,23,"Homme",26893,"Célibataire",0,54.5,0,0,1,0,0,0,0,1,0,0,0,1,0,0,1,1,0,0
583,44,"Femme",45909,"Marié(e)",3,21,0,0,0,1,1,0,0,0,0,0,0,0,0,0,0,0,0,0
584,79,"Femme",32334,"Veuf(ve)",0,41,0,0,0,0,0,0,0,0,1,0,1,0,0,1,0,0,0,1
585,78,"Homme",23849,"Marié(e)",0,38,0,0,0,0,0,0,0,0,1,0,1,0,0,1,0,0,0,1
586,49,"Homme",37861,"Marié(e)",2,40.5,0,0,0,0,1,1,0,0,0,0,0,0,1,0,0,1,1,0
587,50,"Femme",49597,"Marié(e)",3,3,0,1,0,0,0,0,0,0,0,0,0,0,0,0,0,0,0,0
588,50,"Femme",47692,"Marié(e)",3,19.5,0,1,0,0,1,1,0,0,0,0,0,0,1,0,0,0,0,0
589,37,"Homme",33952,"Marié(e)",3,33,0,1,0,0,0,1,1,0,0,0,0,0,1,0,0,0,0,0
590,23,"Homme",68247,"Marié(e)",0,32,0,0,0,1,1,0,1,1,0,1,0,0,1,1,0,1,0,0
591,54,"Homme",53745,"Marié(e)",3,35.5,1,0,0,0,1,1,1,0,0,0,0,0,1,0,0,0,0,0
592,271,"Homme",31671,"Marié(e)",1,23,0,0,0,0,0,0,0,0,1,0,1,0,0,1,0,0,0,1
593,76,"Femme",30855,"Veuf(ve)",1,67,1,0,0,0,0,0,0,0,1,0,1,0,0,1,0,1,0,1
594,44,"Femme",42201,"Marié(e)",2,21.5,0,1,0,0,1,1,0,0,0,0,0,0,1,0,0,0,0,0
595,36,"Femme",35673,"Célibataire",0,7,0,0,0,0,0,0,0,0,0,0,0,1,0,0,0,1,0,0
596,75,"Femme",132828,"Marié(e)",3,45,0,0,0,1,1,1,1,0,0,1,1,1,1,0,0,0,0,1
597,33,"Femme",76714,"Marié(e)",0,52,0,1,0,0,1,1,0,1,1,1,1,1,0,1,0,0,0,0
598,41,"Femme",54578,"Marié(e)",3,45,0,0,0,0,1,1,1,0,0,0,0,1,1,1,0,0,0,0
599,27,"Homme",21671,"Célibataire",0,36,0,0,0,0,0,0,0,1,0,1,0,0,0,0,1,1,0,0
600,65,"Homme",19387,"Marié(e)",0,9,0,0,0,0,0,0,0,0,1,0,1,0,0,0,0,0,0,1
601,39,"Femme",32520,"Marié(e)",3,43.5,0,1,1,0,1,1,0,0,0,0,0,0,1,0,0,0,0,0
602,38,"Femme",41369,"Marié(e)",2,65,0,1,0,1,1,1,0,0,0,0,0,0,0,1,0,0,0,0
603,52,"Homme",241402,"Marié(e)",2,27,0,0,1,0,0,0,1,0,0,0,0,0,1,0,0,0,1,0
604,35,"Homme",55908,"Marié(e)",3,36,0,1,0,0,1,1,0,0,0,0,0,0,1,0,0,0,0,0
605,53,"Homme",39380,"Marié(e)",3,45,0,0,0,0,1,1,0,0,0,0,0,1,1,0,1,0,1,0
606,45,"Femme",248581,"Marié(e)",2,31.5,0,0,1,0,0,0,1,0,0,1,0,0,0,0,0,0,1,0
607,28,"Homme",17461,"Célibataire",0,36.5,1,0,0,0,0,0,0,1,0,0,1,0,0,0,1,1,0,0
608,73,"Femme",30337,"Veuf(ve)",1,33,0,0,0,0,0,0,1,0,1,0,1,0,0,1,0,0,0,1
609,69,"Femme",27256,"Marié(e)",1,30,0,0,0,0,0,0,0,0,1,0,1,0,0,1,0,0,1,1
610,63,"Femme",215620,"Marié(e)",0,20,0,0,1,0,0,0,1,0,0,0,0,0,0,0,1,0,1,0
611,46,"Homme",118319,"Célibataire",0,55.5,0,1,1,0,1,0,0,0,1,0,1,1,0,0,1,0,0,1
612,25,"Homme",29641,"Célibataire",0,26.5,0,0,0,0,0,0,0,0,1,0,0,1,0,0,0,1,0,0
613,45,"Femme",42367,"Célibataire",0,15.5,0,0,0,1,0,0,0,0,0,0,0,1,0,1,0,0,0,0
614,28,"Femme",20781,"Célibataire",1,8,0,0,0,1,0,0,0,0,0,0,0,1,0,0,0,0,0,0
615,52,"Femme",54815,"Marié(e)",3,31.5,0,1,0,0,1,1,0,0,1,0,0,0,1,0,0,0,1,0
616,21,"Homme",22836,"Célibataire",0,38,0,0,0,0,0,1,0,1,0,0,0,0,0,0,1,1,0,0
617,29,"Homme",22990,"Célibataire",0,21,0,0,1,0,0,0,0,1,1,0,0,1,0,0,0,1,0,0
618,35,"Femme",42973,"Marié(e)",3,48,0,1,0,0,1,1,1,0,0,0,0,1,0,0,0,0,0,0
619,28,"Femme",24725,"Célibataire",0,49,0,0,1,1,0,0,0,0,0,0,0,1,0,1,1,0,0,0
620,23,"Femme",19538,"Célibataire",0,18.5,0,1,0,1,0,0,0,0,0,0,0,1,0,0,0,0,0,0
621,38,"Homme",32781,"Marié(e)",3,72,0,1,0,1,1,1,1,0,0,0,0,0,1,1,0,0,0,0
622,49,"Femme",210202,"Célibataire",1,23,0,0,1,0,0,0,1,0,0,1,0,0,0,0,0,0,1,0
623,47,"Femme",49432,"Marié(e)",2,25,1,1,0,0,0,1,0,0,0,0,0,0,1,0,0,0,0,0
624,23,"Homme",25008,"Célibataire",0,24,0,0,0,0,0,0,1,0,1,0,0,0,0,0,1,1,0,0
625,45,"Femme",30298,"Célibataire",0,16,0,0,0,1,0,0,0,0,0,0,0,1,0,1,0,0,0,0
626,68,"Homme",20487,"Marié(e)",1,32.5,0,0,0,1,0,0,0,0,1,0,1,0,0,1,0,0,0,1
627,21,"Homme",24529,"Célibataire",0,10.5,0,0,0,0,0,0,0,1,0,0,0,0,0,0,0,1,0,0
628,60,"Femme",134131,"Marié(e)",0,36,0,0,1,0,0,0,0,0,0,1,1,0,0,0,0,0,1,0
629,45,"Femme",204056,"Célibataire",0,25,0,0,1,0,0,0,1,0,0,1,0,0,0,0,0,0,1,0
630,56,"Homme",213146,"Veuf(ve)",0,56.5,1,1,0,0,0,0,1,1,1,1,0,1,0,0,0,1,0,0
631,60,"Homme",163191,"Marié(e)",1,27,0,0,1,0,0,0,1,0,0,0,1,0,0,0,0,0,1,0
632,20,"Homme",27020,"Célibataire",0,24,0,0,0,0,0,0,0,1,0,0,0,0,0,0,0,1,0,0
633,29,"Homme",26534,"Célibataire",0,39.5,0,1,0,1,0,0,0,1,0,0,0,0,0,0,1,1,0,0
634,79,"Femme",24948,"Marié(e)",0,38,1,0,0,0,0,1,0,0,0,0,1,0,0,1,0,1,0,1
635,27,"Homme",16055,"Célibataire",0,34,1,0,0,0,0,0,0,0,0,0,0,0,0,0,1,1,0,0
636,55,"Homme",130403,"Marié(e)",1,22.5,0,0,0,0,0,0,1,0,0,0,0,0,0,0,0,1,1,0
637,30,"Homme",39853,"Marié(e)",1,86,1,0,1,1,0,1,1,1,1,1,0,0,1,1,1,0,0,1
638,74,"Femme",19687,"Marié(e)",1,40,0,0,0,1,0,0,0,0,0,0,1,0,0,1,0,0,0,1
639,18,"Homme",29114,"Célibataire",0,10.5,0,0,0,0,0,0,0,1,0,1,0,0,0,0,1,1,0,0
640,55,"Homme",143854,"Célibataire",2,8,0,0,0,0,0,0,1,0,0,0,0,0,0,0,0,0,1,0
641,23,"Homme",18021,"Célibataire",0,15,0,0,0,0,0,0,0,1,0,0,0,0,0,0,1,1,0,0
642,42,"Femme",31157,"Marié(e)",3,30,0,1,0,0,1,0,0,0,0,0,0,0,1,1,0,0,0,1
643,23,"Femme",19827,"Célibataire",0,16,0,0,0,1,0,0,0,0,0,0,0,1,0,1,0,0,0,0
644,45,"Homme",34374,"Marié(e)",2,30.5,0,1,0,0,1,1,0,0,0,0,0,0,1,0,0,0,0,0
645,46,"Homme",129546,"Célibataire",0,4.5,0,0,1,0,0,0,1,0,0,0,0,0,0,0,0,0,0,0
646,76,"Femme",18632,"Veuf(ve)",1,22.5,0,0,0,0,0,0,0,1,0,0,1,0,0,1,0,0,0,1
647,50,"Femme",51147,"Célibataire",0,6,0,0,0,1,0,0,0,0,0,0,0,1,0,0,0,0,0,0
648,29,"Homme",29578,"Célibataire",0,20,0,0,0,1,0,0,1,1,0,0,0,0,0,0,0,1,1,0
649,65,"Femme",18607,"Marié(e)",1,28.5,0,0,0,0,0,0,0,0,1,0,1,0,0,1,0,0,0,1
650,29,"Homme",22569,"Célibataire",0,7.5,0,0,0,0,0,0,0,0,0,0,0,0,0,0,1,1,0,0
651,48,"Femme",153245,"Célibataire",2,26,0,0,1,0,0,0,0,0,0,1,0,0,0,0,1,0,1,0
652,32,"-",55654,"Célibataire",0,27.5,0,0,0,1,0,0,0,0,0,0,0,1,0,1,0,0,1,0
653,23,"Homme",22914,"Célibataire",0,14,0,0,0,0,0,0,0,1,0,0,0,0,0,0,0,1,0,0
654,19,"Femme",50974,"Célibataire",0,23.5,0,0,0,1,0,0,0,0,0,1,0,1,0,1,0,0,0,0
655,73,"Femme",20755,"Veuf(ve)",1,40,1,1,0,0,0,0,0,0,1,0,1,0,0,1,0,0,0,1
656,52,"Femme",31315,"Célibataire",0,17.5,0,0,0,1,0,0,0,0,0,0,0,1,0,0,1,0,0,0
657,79,"Homme",166729,"Veuf(ve)",2,71.5,1,1,1,0,1,0,0,0,1,0,1,0,1,0,1,0,0,1
658,35,"Homme",36897,"Marié(e)",3,36,0,1,0,0,1,1,0,0,0,0,0,0,1,0,0,0,0,0
659,79,"Femme",29221,"Marié(e)",1,13,0,1,0,0,0,0,0,0,1,0,1,0,0,1,0,0,0,1
660,26,"Homme",22065,"Célibataire",0,15,0,1,0,0,0,0,0,1,0,0,0,0,0,0,1,1,0,0
661,22,"Homme",23885,"Célibataire",0,6.5,0,0,0,0,0,0,0,1,0,0,0,0,0,0,1,0,0,0
662,80,"Homme",23561,"Veuf(ve)",1,31.5,0,0,0,0,0,1,0,0,1,0,1,0,0,1,0,0,0,0
663,35,"Homme",46896,"Marié(e)",3,27,0,1,0,0,1,1,0,0,0,0,0,0,1,0,0,0,0,0
664,30,"Femme",47134,"Célibataire",0,11.5,0,0,0,1,0,0,0,0,0,0,0,0,0,1,0,0,1,0
665,67,"Homme",19026,"Veuf(ve)",1,57,0,0,0,0,0,0,0,0,1,1,0,0,0,1,0,0,0,1
666,29,"Homme",28681,"Célibataire",0,18.5,0,0,0,0,0,0,0,1,0,0,0,0,0,0,1,1,0,0
667,45,"Femme",31582,"Marié(e)",3,23.5,0,0,0,0,1,0,0,0,1,0,0,0,1,0,0,0,0,0
668,52,"Femme",53638,"Célibataire",1,30,0,0,0,1,1,0,0,0,0,0,0,1,0,1,0,0,0,0
669,46,"Femme",46138,"Marié(e)",2,19.5,0,1,0,0,1,1,0,0,0,1,0,0,1,0,0,0,0,0
670,62,"Homme",142872,"Célibataire",2,39,0,0,1,0,0,0,1,0,0,1,0,1,0,0,0,0,1,0
671,51,"Homme",38413,"Marié(e)",2,30,0,1,0,0,1,1,0,0,0,0,0,0,0,0,0,0,0,0
672,38,"Homme",58688,"Marié(e)",3,36.5,0,1,0,0,1,1,0,0,0,0,1,0,1,0,0,0,0,1
673,42,"Femme",37126,"Marié(e)",2,41,0,0,0,0,1,1,0,0,0,0,0,1,1,0,0,0,0,0
674,80,"Femme",21651,"Veuf(ve)",1,41,0,0,0,0,0,0,0,0,1,0,1,0,0,1,0,0,0,1
675,28,"Homme",29873,"Célibataire",0,8,0,0,0,0,0,0,0,1,0,0,0,0,0,0,1,1,0,0
676,54,"Femme",39376,"Marié(e)",3,26,0,1,0,0,0,1,0,0,0,0,0,0,1,0,0,0,0,0
677,43,"Homme",47695,"Marié(e)",2,45,0,0,0,0,1,1,0,0,0,1,1,1,1,0,0,0,0,0
678,36,"Femme",36514,"Célibataire",0,32.5,0,0,0,1,0,0,0,0,0,0,0,1,0,1,0,0,0,0
679,75,"Femme",31301,"Veuf(ve)",1,22,0,0,0,0,0,0,0,0,1,0,0,0,0,1,1,0,0,1
680,50,"Homme",134058,"Célibataire",1,31,1,0,1,0,1,0,1,0,0,0,0,0,0,0,0,0,1,0
681,19,"Homme",24809,"Célibataire",0,29,0,0,0,0,0,0,0,1,0,0,1,0,0,0,1,0,0,0
682,76,"Femme",23738,"Marié(e)",1,23,0,0,0,0,0,0,0,0,1,0,1,0,0,1,0,0,0,1
683,35,"Homme",42669,"Marié(e)",3,4,0,0,0,0,0,0,0,0,0,0,0,0,1,0,0,0,0,0
684,53,"Femme",47622,"Célibataire",0,11,0,0,0,1,0,0,0,0,0,0,0,1,0,1,0,0,0,0
685,25,"Homme",18954,"Célibataire",0,35,1,1,0,0,0,0,0,1,0,0,1,0,0,0,1,1,0,0
686,38,"Femme",135054,"Célibataire",1,34.5,0,0,1,0,0,0,1,0,0,1,0,0,1,0,0,0,1,0
687,74,"Femme",20571,"Marié(e)",0,16,0,0,0,0,0,0,0,0,1,0,1,0,0,1,0,0,0,1
688,20,"-",145589,"Veuf(ve)",3,45.5,1,1,1,1,1,1,0,0,0,0,1,0,1,0,0,0,0,0
689,47,"Femme",19832,"Célibataire",0,32.5,0,0,0,1,0,0,0,1,0,0,0,1,0,0,1,0,1,0
690,21,"Homme",27917,"Célibataire",0,48.5,1,0,1,0,0,0,0,1,0,0,0,0,0,0,1,1,0,0
691,23,"Homme",15267,"Célibataire",0,9.5,0,1,0,1,0,0,0,1,0,0,0,0,0,0,0,1,0,0
692,75,"Homme",30625,"Veuf(ve)",1,41,0,0,0,0,0,0,0,0,1,0,1,0,0,1,0,0,0,1
693,74,"Femme",31145,"Marié(e)",1,38,0,0,0,0,0,0,0,0,1,0,1,0,0,1,0,0,0,1
694,26,"Femme",34890,"Célibataire",0,27,0,0,0,1,0,0,0,0,1,0,0,1,0,0,0,0,0,0
695,68,"Femme",33418,"Marié(e)",0,11,0,0,0,0,1,1,0,0,1,0,0,0,0,1,0,0,0,1
696,60,"Femme",211120,"Marié(e)",2,31.5,0,0,1,0,0,0,1,0,0,1,0,0,0,0,0,0,1,0
697,35,"Homme",185977,"Marié(e)",2,37.5,1,1,0,0,0,0,1,0,0,1,0,0,0,1,0,0,1,0
698,19,"Homme",29105,"Célibataire",0,22,0,0,0,0,0,0,1,1,0,0,0,0,0,0,1,1,0,0
699,76,"Homme",29746,"Marié(e)",0,37,0,0,0,0,0,0,0,1,1,0,1,0,1,1,0,0,1,0
700,65,"Homme",26918,"Marié(e)",0,37,0,0,0,0,0,0,1,0,1,0,1,0,0,1,1,0,0,1
701,29,"Homme",132896,"Veuf(ve)",2,71.5,0,1,0,1,0,1,1,0,1,1,0,0,1,0,0,0,1,1
702,42,"Homme",41551,"Marié(e)",3,48.5,0,1,0,0,1,1,1,0,1,0,0,0,1,0,0,1,0,0
703,34,"Femme",21418,"Célibataire",0,15,0,1,0,1,0,0,0,0,0,0,0,1,0,0,0,0,0,0
704,25,"Homme",26825,"Célibataire",0,27.5,0,0,0,0,0,0,0,1,0,0,0,0,0,0,1,1,0,0
705,30,"Femme",50569,"Célibataire",0,18.5,0,0,0,1,1,0,0,0,0,0,0,0,0,1,0,0,0,0
706,73,"Femme",28651,"Veuf(ve)",1,13.5,0,0,0,0,0,0,0,0,1,0,1,0,0,1,0,0,0,1
707,39,"Femme",50655,"Marié(e)",2,40.5,0,1,1,0,1,1,0,0,0,0,0,0,1,0,0,0,0,0
708,72,"Femme",23408,"Marié(e)",0,15.5,0,0,0,0,0,0,0,0,1,0,1,0,0,1,0,0,1,1
709,50,"Homme",52007,"Marié(e)",2,47.5,0,0,0,0,1,1,0,0,0,0,1,0,1,0,1,0,0,0
710,38,"Homme",144857,"Célibataire",2,6.5,0,0,1,0,0,0,0,0,0,0,0,0,0,0,0,0,1,0
711,51,"Homme",56596,"Marié(e)",2,41,0,0,0,0,0,1,0,0,1,0,0,1,1,0,0,0,0,1
712,48,"Homme",39249,"Marié(e)",2,37.5,0,0,1,0,0,1,0,0,0,1,0,0,1,0,0,0,0,0
713,45,"Femme",48977,"Marié(e)",2,26,0,1,0,0,1,1,0,0,0,0,1,0,1,0,0,1,0,0
714,19,"Femme",36663,"Célibataire",0,39,0,0,0,1,0,0,1,0,0,0,1,1,0,0,0,0,0,0
715,65,"Homme",18129,"Marié(e)",0,36,0,0,0,0,0,0,0,0,1,0,1,0,0,1,0,0,0,1
716,65,"Homme",28664,"Marié(e)",0,30,0,0,0,0,0,0,0,0,1,0,1,0,0,1,0,0,0,1
717,70,"Homme",34342,"Veuf(ve)",1,10,0,0,0,0,0,0,0,0,1,0,0,0,0,1,0,0,0,1
718,40,"Homme",51369,"Marié(e)",3,29,0,1,0,0,1,0,0,0,0,0,0,0,1,0,0,1,0,0
719,64,"Homme",63139,"Marié(e)",3,88.5,0,1,1,0,1,0,1,0,1,1,1,1,1,1,1,0,0,1
720,44,"Homme",53514,"Marié(e)",2,21.5,0,1,0,0,1,1,0,0,0,0,0,0,1,0,0,0,0,0
721,78,"Homme",30679,"Marié(e)",1,28.5,0,0,0,0,0,0,0,0,1,0,1,0,0,1,0,0,0,1
722,41,"Homme",59266,"Marié(e)",2,12,0,1,0,0,0,1,0,0,0,1,0,0,1,0,0,0,0,0
723,78,"Femme",22530,"Veuf(ve)",1,43,0,0,0,0,0,0,1,0,1,0,1,1,0,1,0,0,0,1
724,26,"Femme",17937,"Célibataire",0,21,0,0,0,1,0,0,0,0,1,0,0,0,0,1,1,0,0,0
725,18,"Homme",24442,"Célibataire",0,35,0,0,0,0,1,0,0,1,0,0,0,0,0,0,1,1,0,0
726,61,"Femme",106457,"Marié(e)",0,104.5,1,1,1,1,1,1,1,1,0,1,1,1,0,1,1,0,1,0
727,40,"Femme",146764,"Marié(e)",1,21,0,0,1,0,0,0,1,0,0,1,0,0,0,0,0,0,1,0
728,62,"Femme",81217,"Marié(e)",0,62.5,1,1,1,0,0,0,1,1,0,1,1,1,1,0,1,0,1,1
729,30,"Femme",47673,"Célibataire",0,33,0,0,0,1,0,0,0,0,0,0,0,1,0,1,0,0,0,0
730,41,"Homme",182455,"Marié(e)",2,16,0,0,1,0,0,0,1,0,0,0,0,1,0,0,0,0,1,0
731,61,"Femme",151793,"Célibataire",0,51,0,0,1,1,0,0,1,0,0,1,0,0,0,0,0,0,1,0
732,29,"Homme",26774,"Célibataire",0,10,0,1,0,0,0,0,0,1,0,0,0,0,0,0,1,0,0,0
733,69,"Homme",32755,"Veuf(ve)",1,36,0,0,0,0,0,0,0,0,1,0,1,0,0,1,0,0,0,1
734,32,"Femme",50620,"Célibataire",0,41,0,0,0,0,0,0,0,0,0,0,1,1,0,0,0,0,1,0
735,66,"Femme",32500,"Marié(e)",1,10,0,0,0,0,0,0,0,0,1,0,0,0,0,1,0,0,0,1
736,37,"Femme",34359,"Marié(e)",3,24.5,0,1,0,0,1,1,0,1,0,0,0,0,1,0,0,0,0,0
737,80,"Homme",22614,"Marié(e)",1,23,0,0,0,0,0,0,0,1,0,0,1,0,0,0,0,0,0,1
738,47,"Homme",124614,"Célibataire",1,39.5,0,0,1,0,1,0,1,0,1,1,0,0,0,0,0,0,0,0
739,23,"Homme",21005,"Célibataire",0,11,0,0,0,0,0,0,0,0,0,0,0,0,0,0,1,1,0,0
740,26,"Homme",16688,"Célibataire",0,37,0,0,0,1,0,0,0,1,0,0,0,0,0,0,0,1,0,1
741,30,"Femme",56874,"Célibataire",0,7.5,1,0,0,1,0,0,0,0,0,0,0,0,0,0,1,0,0,0
742,28,"Homme",19118,"Célibataire",0,42,1,1,0,0,0,0,0,1,0,0,0,0,0,0,1,1,0,0
743,58,"Homme",249976,"Marié(e)",0,16.5,0,0,1,0,0,0,1,0,0,0,0,0,0,0,0,0,1,0
744,26,"Homme",19868,"Célibataire",0,32.5,0,0,0,0,0,0,0,1,0,0,0,0,0,0,1,1,0,0
745,18,"Homme",18342,"Célibataire",0,44.5,0,0,0,0,0,0,0,1,0,0,1,1,0,1,1,1,0,0
746,36,"Homme",58218,"Marié(e)",3,45,0,1,0,0,1,1,0,0,0,0,0,0,1,0,0,0,0,0
747,20,"Homme",23626,"Célibataire",0,41,0,0,0,1,0,0,0,1,0,0,0,1,0,1,1,1,0,0
748,28,"Homme",28678,"Célibataire",0,10.5,0,0,0,0,0,0,0,1,0,0,0,0,0,0,1,1,0,0
749,47,"Femme",39036,"Célibataire",0,32,0,0,0,1,0,0,0,0,0,0,0,1,0,1,0,0,0,0
750,76,"Femme",25740,"Marié(e)",0,50,0,1,1,0,0,0,0,0,1,0,1,0,0,0,0,0,0,1
751,53,"Femme",51838,"Célibataire",1,17,1,0,0,1,0,0,0,0,0,0,0,1,0,0,0,0,0,0
752,58,"Homme",55315,"Célibataire",0,41.5,0,1,0,0,1,1,0,0,1,1,0,0,0,1,0,1,0,0
753,55,"Femme",32509,"Marié(e)",2,23,0,1,0,0,0,1,0,0,0,0,0,0,1,0,0,0,0,0
754,18,"Homme",24455,"Célibataire",0,19.5,0,0,0,0,0,0,0,1,0,0,0,0,0,1,0,1,0,0
755,54,"Femme",45917,"Marié(e)",3,17,0,1,0,0,1,0,0,0,0,0,0,1,1,0,0,0,0,0
756,27,"Homme",29257,"Célibataire",0,24.5,0,0,0,0,0,0,0,0,0,1,0,0,0,0,1,1,0,0
757,683,"Homme",24431,"Célibataire",0,39.5,0,0,0,0,1,1,0,1,0,0,0,0,0,0,1,1,0,0
758,31,"Femme",52431,"Célibataire",0,26,0,0,1,1,0,0,0,0,0,0,1,1,0,0,0,0,0,1
759,27,"Homme",28698,"Célibataire",0,30,0,0,0,0,0,0,0,1,0,0,0,0,0,0,0,1,0,0
760,18,"Homme",16069,"Célibataire",0,27,0,0,0,0,0,0,0,0,0,1,0,0,0,0,1,1,0,0
761,27,"Homme",19127,"Marié(e)",3,28.5,0,1,0,1,0,0,0,0,1,0,0,1,0,1,0,0,1,1
762,73,"Homme",19461,"Marié(e)",1,26.5,0,0,0,0,0,0,0,1,1,0,1,1,0,1,0,0,0,1
763,75,"Homme",32908,"Marié(e)",0,24.5,0,0,0,0,0,0,0,0,1,0,1,0,0,1,0,0,0,0
764,78,"Homme",200849,"Célibataire",0,84.5,1,1,0,1,1,0,1,0,1,0,0,1,0,1,1,1,1,0
765,69,"Femme",32740,"Marié(e)",0,43,1,0,0,0,0,0,0,0,1,1,1,0,0,1,0,0,0,1
766,29,"Homme",25826,"Célibataire",0,26,0,0,0,0,1,1,0,1,1,0,0,0,0,0,1,1,0,0
767,34,"Femme",28485,"Célibataire",0,32,0,0,0,1,0,0,0,0,0,0,0,1,0,1,0,0,0,0
768,68,"Femme",30880,"Marié(e)",1,36.5,0,0,0,0,0,0,0,0,1,0,1,0,0,1,1,1,0,1
769,39,"-",35119,"Marié(e)",3,22,0,1,0,0,1,0,0,0,0,0,0,0,1,0,0,0,0,0
770,20,"Homme",16370,"Célibataire",0,36.5,1,0,1,0,0,0,0,1,1,0,0,0,0,0,1,1,0,0
771,35,"Femme",27145,"Célibataire",0,4,0,0,0,1,0,0,0,0,0,0,0,1,0,0,0,0,0,0
772,37,"Femme",42697,"Marié(e)",3,26,0,1,0,0,1,1,0,0,0,0,0,0,1,1,0,0,0,0
773,65,"Homme",29766,"Veuf(ve)",1,47,0,0,0,0,0,0,0,0,1,0,1,0,0,1,0,0,0,1
774,58,"Femme",245226,"Célibataire",1,53,0,0,1,0,0,0,1,0,1,0,1,0,0,0,0,0,1,1
775,39,"Homme",52423,"Marié(e)",2,25.5,0,1,1,0,1,1,0,0,0,0,0,0,1,0,0,0,0,0
776,48,"Homme",214064,"Célibataire",1,30.5,0,0,0,0,0,1,1,0,0,0,1,0,0,0,0,0,1,0
777,24,"Homme",15563,"Célibataire",0,23.5,0,0,0,0,0,0,0,0,0,0,0,0,1,0,1,1,0,0
778,43,"Femme",41408,"Célibataire",1,17.5,0,0,0,1,0,0,0,0,0,0,0,1,0,1,0,0,0,0
779,24,"Femme",43057,"Célibataire",0,33.5,0,0,0,1,0,1,0,0,0,0,0,1,0,1,0,0,0,1
780,80,"Homme",30192,"Marié(e)",0,29,0,0,1,0,0,0,0,0,1,1,1,0,0,1,0,0,0,1
781,24,"Homme",24359,"Célibataire",0,16,0,0,0,0,0,0,0,1,0,0,0,0,0,0,1,1,0,0
782,47,"Homme",55369,"Marié(e)",3,36,0,0,0,0,1,1,0,0,0,0,0,1,0,0,0,1,0,0
783,75,"Homme",31315,"Marié(e)",1,59,0,0,1,0,0,0,0,0,1,0,1,0,1,1,0,0,0,1
784,23,"-",53978,"Célibataire",0,36.5,0,0,0,1,0,1,0,0,0,0,0,1,0,1,0,0,0,0
785,55,"Homme",36112,"Marié(e)",3,14,0,0,0,0,1,0,0,0,0,0,0,0,1,0,0,0,0,0
786,78,"Homme",23435,"Veuf(ve)",1,48.5,0,0,0,0,0,0,0,0,1,0,1,1,0,1,0,0,0,1
787,67,"Femme",31095,"Veuf(ve)",1,60,0,1,0,0,0,1,0,0,1,0,1,0,1,1,0,0,0,1
788,23,"Femme",33022,"Célibataire",1,20.5,0,0,0,1,0,1,0,0,0,0,0,1,0,1,0,0,0,0
789,63,"Femme",172024,"Marié(e)",0,48.5,1,0,1,0,0,0,1,0,0,1,0,0,0,0,0,0,1,0
790,53,"Femme",30345,"Célibataire",0,7.5,0,0,0,0,0,0,0,0,0,0,0,1,0,1,0,0,0,0
791,40,"Homme",103254,"Marié(e)",2,37.5,1,0,1,0,0,0,0,1,0,1,1,0,1,0,1,0,0,0
792,24,"Homme",22158,"Célibataire",0,15,0,0,0,0,0,0,0,1,0,0,0,0,0,0,1,0,0,0
793,41,"Femme",212167,"Marié(e)",1,25,0,0,0,0,0,0,1,0,0,1,1,0,0,0,0,0,1,0
794,20,"Homme",25038,"Célibataire",0,34,0,0,0,0,0,0,0,1,1,0,0,0,0,0,0,1,0,0
795,44,"Homme",132592,"Célibataire",0,46.5,1,0,0,0,0,0,1,1,1,1,0,0,1,1,0,0,0,0
796,19,"Homme",25921,"Célibataire",0,39,0,0,0,0,0,0,0,1,0,0,1,0,0,0,1,1,0,0
797,73,"-",33510,"Veuf(ve)",1,22,1,0,0,0,0,0,0,1,1,0,1,0,0,1,0,0,0,1
798,52,"Femme",54071,"Marié(e)",3,26.5,0,1,0,0,0,1,0,0,0,0,0,0,1,0,0,0,0,0
799,71,"Femme",20969,"Marié(e)",1,28.5,0,0,0,0,0,0,0,0,1,0,1,0,0,1,0,0,0,1
800,21,"Femme",39449,"Célibataire",0,29,0,0,0,0,0,0,0,0,0,1,0,1,0,1,0,1,0,0
801,52,"Homme",49486,"Marié(e)",3,28,0,1,0,0,0,1,0,0,0,0,0,0,1,0,0,0,0,0
802,25,"Homme",29395,"Célibataire",0,11,0,0,0,0,0,0,0,0,0,1,0,0,0,0,0,0,0,0
803,31,"Homme",66331,"Veuf(ve)",2,65.5,0,1,0,0,1,0,1,1,0,1,1,1,1,0,0,1,0,1
804,77,"Femme",34415,"Marié(e)",1,38.5,1,0,0,0,0,0,0,0,1,1,1,0,0,1,0,0,1,1
805,29,"Homme",26350,"Célibataire",0,33.5,0,0,0,0,0,0,0,1,0,0,1,0,0,0,1,1,0,0
806,962,"Homme",15263,"Célibataire",0,19,0,0,0,0,0,0,0,1,0,0,0,0,0,0,1,1,0,0
807,27,"Femme",33082,"Célibataire",0,68,0,1,1,1,1,0,1,1,0,1,1,1,0,0,0,1,0,1
808,44,"Homme",55493,"Marié(e)",2,21,0,1,0,0,1,1,0,0,0,0,0,0,1,0,0,0,0,0
809,26,"Homme",19728,"Célibataire",0,24.5,0,0,0,1,0,0,0,0,1,0,0,0,0,0,1,0,0,0
810,40,"Homme",33593,"Marié(e)",3,35.5,0,1,0,0,1,1,0,0,0,0,0,0,1,1,1,0,0,0
811,50,"Femme",40406,"Marié(e)",3,34.5,0,1,1,1,1,1,0,0,0,0,0,0,1,0,0,0,0,0
812,26,"Homme",25153,"Célibataire",0,3.5,0,0,0,0,0,0,0,0,0,0,0,0,0,0,1,0,0,0
813,52,"Femme",16475,"Célibataire",1,31.5,0,0,1,1,0,1,0,0,0,0,0,1,0,1,0,0,0,0
814,21,"Homme",27220,"Célibataire",0,34,0,0,0,0,0,0,0,1,0,0,0,0,0,0,1,1,0,0
815,18,"Homme",25542,"Célibataire",0,44,0,0,0,0,0,0,1,1,0,0,0,0,0,0,1,1,0,0
816,19,"Homme",23398,"Célibataire",0,30,0,0,0,0,0,0,0,0,0,0,0,0,0,0,1,1,0,0
817,76,"Femme",19817,"Marié(e)",1,28.5,0,0,0,0,0,0,0,0,1,0,1,0,0,1,0,0,0,1
818,39,"Homme",129468,"Marié(e)",0,12,0,0,1,0,0,0,1,0,0,1,0,0,0,0,0,0,1,0
819,55,"Homme",186285,"Célibataire",2,15,0,0,0,0,0,0,1,0,0,0,0,0,0,0,0,0,1,1
820,43,"Homme",136718,"Marié(e)",2,37.5,1,0,0,0,0,0,1,1,0,1,0,0,0,0,1,0,1,0
821,27,"Homme",26346,"Célibataire",0,35,0,0,1,0,0,1,0,1,0,0,0,0,0,0,1,1,0,0
822,28,"Femme",75365,"Célibataire",2,56,0,0,1,0,1,1,0,0,1,0,1,0,1,1,1,0,0,0
823,68,"Homme",24510,"Veuf(ve)",0,36,0,0,0,0,0,0,0,0,1,0,1,0,0,1,0,0,0,1
824,20,"Homme",17030,"Célibataire",0,20.5,0,0,1,1,1,0,0,0,0,0,0,0,0,0,1,0,0,0
825,38,"Femme",34498,"Marié(e)",2,18,0,1,0,0,1,0,0,0,0,0,0,0,1,0,0,0,0,0
826,37,"Homme",246472,"Marié(e)",1,37,0,0,1,0,0,0,1,0,0,1,0,0,0,0,0,0,1,0
827,45,"Femme",28281,"Célibataire",0,9,0,0,0,1,0,0,0,1,0,0,0,1,0,0,0,0,0,0
828,71,"Femme",29759,"Marié(e)",0,57.5,1,0,0,1,0,0,0,0,1,0,1,0,0,0,0,0,0,1
829,38,"Homme",44215,"Marié(e)",3,29,0,1,0,0,0,0,0,0,0,0,0,0,1,0,0,0,1,0
830,46,"Homme",189172,"Marié(e)",3,35.5,0,1,0,0,0,0,1,0,0,0,0,1,0,0,1,0,1,0
831,21,"Homme",29455,"Célibataire",0,44,1,0,1,0,0,0,0,1,0,0,0,0,0,0,1,1,0,0
832,44,"Femme",127763,"Marié(e)",1,38.5,0,0,1,0,1,1,1,0,0,1,1,0,0,0,0,0,0,0
833,36,"Femme",69572,"Marié(e)",3,61,1,0,1,0,1,0,1,0,0,1,1,1,1,0,0,1,1,1
834,75,"Femme",26775,"Veuf(ve)",1,19,1,0,0,0,0,0,0,0,1,1,1,0,0,0,0,0,0,1
835,65,"Femme",24286,"Marié(e)",1,10.5,0,0,0,0,0,0,0,0,1,0,1,0,0,0,0,0,0,1
836,54,"Homme",34682,"Marié(e)",2,75,0,1,0,0,1,1,0,0,0,0,0,0,1,1,1,0,0,0
837,43,"Femme",52602,"Marié(e)",3,36.5,1,1,0,0,1,1,0,0,0,0,0,0,0,1,0,0,0,0
838,30,"Femme",27083,"Célibataire",0,37.5,0,1,0,1,0,0,0,0,0,0,0,1,0,1,0,0,0,0
839,456,"Femme",19212,"Célibataire",1,41,0,0,0,1,0,0,0,0,0,0,0,1,0,1,0,0,1,0
840,44,"Femme",241369,"Célibataire",0,46.5,0,0,1,1,0,0,1,0,0,1,0,0,0,0,0,1,1,0
841,18,"Femme",42715,"Célibataire",0,14,0,0,0,1,0,0,0,0,0,0,0,1,0,0,0,0,0,0
842,29,"Homme",18093,"Célibataire",0,31,0,0,0,0,0,0,0,0,0,0,1,0,1,0,1,0,0,1
843,29,"Homme",25076,"Célibataire",0,21.5,0,0,0,0,0,0,0,1,0,0,0,0,1,0,1,1,0,0
844,66,"Femme",21398,"Veuf(ve)",0,33,0,1,0,0,0,0,0,0,1,0,1,0,0,1,0,0,0,1
845,22,"Femme",29199,"Célibataire",0,17,0,1,0,1,0,0,0,0,0,0,0,1,0,1,0,0,0,0
846,32,"Femme",58075,"Célibataire",0,36,0,0,0,1,0,0,0,0,0,0,0,1,1,1,0,0,0,1
847,22,"Femme",41252,"Célibataire",0,33.5,0,0,0,1,0,0,0,1,0,0,0,1,0,1,0,0,0,0
848,75,"Femme",19133,"Marié(e)",1,23,0,0,0,0,0,0,0,0,1,0,1,0,0,0,0,0,0,1
849,39,"Femme",53989,"Célibataire",0,21.5,0,0,0,1,0,0,0,0,0,1,0,1,0,1,0,0,0,0
850,40,"-",49533,"Marié(e)",3,16,0,1,0,0,0,0,0,0,0,0,0,0,1,0,0,0,0,0
851,66,"Homme",27178,"Veuf(ve)",0,20,0,0,0,0,0,0,0,0,1,1,1,0,0,1,0,0,0,1
852,47,"Homme",159366,"Marié(e)",2,18,0,0,0,0,0,0,1,0,1,1,0,0,0,0,0,0,0,0
853,77,"Femme",32226,"Veuf(ve)",1,38.5,0,0,1,0,1,0,0,0,1,0,1,0,0,0,0,0,1,1
854,46,"Femme",52177,"Marié(e)",3,51,0,1,0,0,1,1,0,1,0,1,0,0,1,0,0,0,0,0
855,41,"Homme",37281,"Marié(e)",3,45,0,1,0,0,0,1,0,0,0,0,1,0,1,0,0,0,0,1
856,35,"Femme",46279,"Marié(e)",3,43,0,1,0,0,0,1,1,0,1,1,0,0,1,0,0,0,0,0
857,75,"Femme",23408,"Veuf(ve)",1,10,0,0,0,0,0,0,0,0,1,0,1,0,0,1,0,0,0,1
858,18,"Homme",29168,"Célibataire",0,11,0,0,0,0,0,0,0,1,0,0,0,0,0,0,1,1,0,0
859,57,"Homme",148260,"Célibataire",0,25.5,0,0,1,0,0,0,0,0,1,1,0,0,0,0,0,0,1,0
860,37,"Homme",244854,"Célibataire",2,33.5,0,0,0,0,1,1,1,0,0,1,0,1,1,1,0,1,0,0
861,20,"Homme",25707,"Célibataire",0,30,0,0,0,0,1,1,0,1,0,0,0,0,0,0,1,0,0,0
862,78,"Homme",33803,"Veuf(ve)",1,21,0,0,0,1,1,0,0,0,1,0,0,0,0,1,0,0,0,1
863,32,"Femme",20645,"Célibataire",1,45,0,0,0,1,0,0,0,0,0,1,0,1,0,1,0,0,0,1
864,46,"Femme",55610,"Marié(e)",2,16,0,0,0,0,0,0,0,0,0,0,0,0,1,0,1,0,0,0
865,70,"Homme",135824,"Célibataire",3,92.5,0,1,1,0,1,1,1,1,1,0,0,1,1,0,0,0,1,1
866,40,"Homme",48747,"Marié(e)",3,40.5,0,1,0,0,1,1,0,1,0,0,0,0,1,0,0,0,0,0
867,56,"Femme",58641,"Célibataire",0,27.5,0,0,0,1,1,0,0,0,0,0,0,1,0,1,0,0,0,0
868,44,"Femme",36054,"Marié(e)",2,15,0,0,0,0,0,1,0,0,0,0,0,0,1,0,0,0,0,0
869,29,"Homme",19186,"Célibataire",0,32,0,0,0,0,0,0,0,1,0,0,0,0,0,0,1,1,0,0
870,51,"Femme",29820,"Célibataire",0,18.5,0,0,0,1,0,0,0,0,0,0,0,1,0,1,0,0,0,0
871,24,"Homme",29817,"Célibataire",0,22,0,0,1,0,0,0,0,0,0,0,0,0,0,0,1,1,0,0
872,58,"Femme",52369,"Veuf(ve)",3,79,1,1,0,0,1,0,0,0,0,0,0,1,1,1,1,1,0,1
873,18,"-",236363,"Marié(e)",0,90.5,0,1,1,1,1,1,0,0,1,1,0,1,1,0,1,0,1,1
874,25,"Homme",18835,"Célibataire",0,13,0,0,0,0,0,1,0,1,0,0,0,0,0,0,1,0,0,1
875,49,"Homme",220837,"Marié(e)",0,41,0,0,1,0,0,0,1,0,0,1,0,0,0,1,0,0,1,0
876,18,"Homme",21966,"Célibataire",0,8,0,0,0,0,0,0,0,1,0,0,0,0,0,0,0,1,0,0
877,19,"Homme",28266,"Célibataire",0,17.5,0,0,0,1,0,0,0,1,0,0,0,0,0,0,1,1,0,0
878,69,"Femme",29990,"Veuf(ve)",0,35.5,0,0,0,1,0,0,1,0,1,0,1,0,0,1,0,0,0,1
879,18,"-",230309,"Célibataire",1,86.5,1,1,0,1,1,1,0,0,0,1,0,1,1,0,1,1,1,0
880,28,"Homme",25816,"Célibataire",0,32.5,0,1,0,0,1,0,0,1,0,0,0,0,0,0,1,1,0,0
881,72,"Homme",25374,"Marié(e)",0,34,0,0,0,0,0,0,0,0,0,0,1,1,0,1,0,0,1,1
882,75,"Femme",18522,"Veuf(ve)",1,59.5,0,0,1,0,0,0,0,0,1,0,1,0,0,1,1,0,0,1
883,38,"Femme",20993,"Célibataire",0,35.5,0,0,0,1,0,0,0,1,0,0,1,1,0,1,0,0,0,0
884,53,"Femme",37341,"Marié(e)",2,44.5,0,1,0,0,1,1,1,0,0,0,0,0,1,0,0,0,1,0
885,25,"Femme",24907,"Célibataire",0,24,0,0,0,1,0,0,0,0,0,1,0,1,1,1,0,0,0,0
886,79,"Femme",22105,"Veuf(ve)",1,24,0,0,1,0,1,0,0,0,1,0,1,0,0,1,1,0,0,1
887,53,"Femme",36917,"Marié(e)",3,31,0,1,0,0,0,0,1,1,0,0,0,0,1,0,0,0,0,0
888,20,"Homme",15768,"Célibataire",0,41.5,1,0,0,0,0,0,0,1,0,0,0,0,0,1,1,1,0,0
889,28,"Homme",28989,"Célibataire",0,28,0,0,0,0,0,0,0,0,0,1,0,0,1,0,1,1,1,0
890,80,"Homme",29624,"Marié(e)",0,51,0,0,0,0,0,1,0,0,1,0,1,0,0,1,0,0,0,1
891,22,"Homme",20938,"Célibataire",0,25,0,1,0,0,0,0,0,1,0,0,0,0,0,0,1,1,0,1
892,74,"Femme",61341,"Marié(e)",1,50.5,0,1,0,0,0,1,0,0,1,1,0,0,1,0,1,0,1,1
893,22,"Homme",20638,"Célibataire",0,26,0,1,0,0,0,0,0,1,0,1,0,0,0,0,1,1,0,0
894,25,"Femme",56948,"Veuf(ve)",1,45.5,0,1,0,1,0,1,1,0,1,0,1,0,0,1,1,0,1,0
895,63,"Femme",167676,"Marié(e)",1,31,0,0,1,0,1,0,1,1,0,1,0,0,0,0,0,0,1,0
896,469,"Homme",32374,"Veuf(ve)",1,34,0,0,0,0,0,0,0,0,1,1,1,0,0,1,0,0,0,1
897,70,"Homme",30464,"Veuf(ve)",1,60.5,1,0,0,0,0,0,1,0,1,1,1,0,0,1,0,0,0,1
898,28,"Homme",24291,"Célibataire",0,3.5,0,0,0,0,0,0,0,1,0,0,0,0,0,0,0,0,0,0
899,78,"Femme",30220,"Veuf(ve)",0,47,0,1,0,0,0,0,0,0,1,0,0,0,0,1,0,0,0,1
900,80,"Femme",22657,"Veuf(ve)",0,45.5,0,1,0,0,0,0,0,0,1,0,0,0,0,1,0,0,0,1
901,75,"Homme",23867,"Marié(e)",0,22.5,0,0,1,0,0,0,0,0,0,1,1,0,0,1,0,0,0,1
902,39,"Femme",40609,"Marié(e)",3,20.5,0,0,0,1,1,1,0,0,0,0,0,0,1,0,0,0,0,0
903,24,"Homme",28030,"Célibataire",0,41,0,0,0,0,1,0,0,1,0,0,0,0,0,0,1,1,0,0
904,75,"Homme",32972,"Veuf(ve)",1,37.5,0,0,0,0,1,0,1,0,1,0,1,0,0,0,1,0,0,1
905,36,"Femme",138432,"Célibataire",1,20.5,0,0,1,0,0,0,1,0,0,1,0,0,0,0,0,0,1,0
906,64,"Homme",144420,"Célibataire",2,38.5,0,0,1,0,0,0,0,0,0,1,0,0,0,0,1,0,1,0
907,39,"Femme",201087,"Célibataire",2,32.5,1,1,1,0,0,0,1,0,0,1,0,0,0,0,0,0,1,0
908,31,"Homme",44984,"Veuf(ve)",1,62,1,1,0,1,1,0,1,1,1,1,0,0,0,0,0,1,1,1
909,38,"Femme",22166,"Veuf(ve)",3,42,1,0,0,0,0,1,1,0,0,1,1,1,1,0,0,0,1,0
910,73,"Femme",31691,"Veuf(ve)",0,30.5,1,0,0,0,0,0,0,0,1,0,1,0,0,1,0,0,0,1
911,38,"Homme",35317,"Marié(e)",2,19,0,1,0,0,1,1,0,0,0,0,0,0,1,0,0,0,0,0
912,53,"Femme",40388,"Marié(e)",3,14,0,1,0,0,0,0,0,0,0,0,0,0,1,0,0,0,0,0
913,47,"Homme",86300,"Veuf(ve)",3,58.5,0,1,0,0,1,1,0,0,0,0,1,0,0,1,1,0,1,1
914,28,"Homme",71835,"Célibataire",2,47.5,0,0,1,0,1,0,0,0,0,1,1,0,1,0,1,1,0,0
915,30,"Femme",46252,"Marié(e)",0,59.5,1,1,1,0,1,0,0,1,0,0,0,0,0,1,1,1,0,0
916,21,"Femme",30937,"Célibataire",0,5,0,0,0,0,0,0,0,0,0,0,0,0,0,1,0,0,0,0
917,66,"Homme",32542,"Marié(e)",0,38,0,0,0,0,0,0,0,0,1,0,1,0,0,0,0,0,0,1
918,19,"Homme",23266,"Célibataire",0,31.5,0,0,0,0,0,0,0,1,1,0,0,0,0,0,0,1,1,0
919,72,"Femme",22187,"Veuf(ve)",0,28.5,0,0,0,0,0,0,0,0,1,0,1,0,0,1,0,0,0,1
920,18,"Homme",25575,"Célibataire",0,28.5,0,0,0,0,0,0,0,1,0,0,0,1,0,0,1,0,0,0
921,23,"Femme",45532,"Célibataire",0,37.5,0,0,1,1,0,0,0,0,0,0,0,0,0,1,0,1,0,0
922,19,"Homme",17668,"Célibataire",0,34,0,0,0,0,0,0,0,1,0,0,0,0,0,0,1,1,0,0
923,40,"Femme",198950,"Célibataire",2,16.5,0,0,1,0,0,0,1,0,0,0,0,0,0,0,0,0,1,0
924,22,"Homme",18635,"Célibataire",0,43.5,0,0,0,0,0,0,0,1,0,0,0,1,0,0,1,1,0,0
925,73,"Homme",30899,"Marié(e)",0,46.5,0,0,1,0,0,0,0,0,1,0,1,1,0,1,0,1,0,1
926,25,"Femme",46825,"Célibataire",0,27.5,0,0,0,1,0,0,0,0,0,0,0,1,0,1,0,0,0,0
927,27,"Femme",200385,"Marié(e)",3,109.5,1,1,0,1,1,1,0,1,1,0,1,1,1,1,1,1,0,1
928,21,"Homme",27871,"Célibataire",0,5.5,0,0,0,0,0,0,0,0,0,0,0,0,0,0,1,1,0,0
929,18,"Homme",28522,"Célibataire",0,36,0,0,0,0,0,0,0,1,0,0,0,0,1,0,1,1,1,0
930,36,"Homme",235632,"Marié(e)",0,41.5,0,0,1,0,0,0,1,0,0,1,0,0,1,0,0,0,1,0
931,54,"Homme",210339,"Célibataire",1,14.5,0,0,0,0,0,0,1,0,0,1,0,0,0,0,0,0,1,0
932,75,"Homme",182820,"Marié(e)",0,62,0,0,1,0,1,0,0,0,1,1,1,0,1,0,1,1,1,0
933,24,"Homme",28392,"Célibataire",0,17,0,0,0,0,0,0,0,1,0,0,0,0,0,0,1,0,0,0
934,54,"-",31887,"Célibataire",0,13.5,0,0,0,1,0,0,0,0,0,0,0,1,1,1,0,0,0,0
935,22,"Homme",15638,"Célibataire",0,13.5,0,0,0,0,0,0,0,1,0,0,0,0,0,0,1,1,0,0
936,57,"Femme",50834,"Célibataire",0,39,0,0,1,1,0,0,0,0,0,0,0,1,1,1,0,0,0,1
937,44,"Homme",135343,"Marié(e)",1,43.5,0,0,0,0,1,0,1,1,0,1,0,0,0,0,0,0,1,0
938,21,"Homme",23636,"Célibataire",0,30,1,0,0,0,0,0,0,1,0,0,0,0,0,0,1,1,0,0
939,40,"Homme",34107,"Marié(e)",3,17,0,1,0,0,1,1,0,0,1,0,0,0,0,0,0,0,0,0
940,65,"Homme",23925,"Marié(e)",0,13.5,0,0,0,0,0,0,0,0,1,0,1,0,0,1,0,0,0,1
941,72,"Femme",34087,"Veuf(ve)",0,25,0,1,0,0,0,0,0,0,1,0,1,0,0,1,0,0,0,1
942,36,"Femme",123701,"Marié(e)",1,49.5,1,0,1,1,0,1,1,0,0,0,0,0,0,0,0,0,0,0
943,46,"Femme",22828,"Célibataire",0,43,0,0,0,1,0,1,1,0,0,0,0,1,0,1,0,0,0,0
944,56,"Femme",53228,"Célibataire",0,11.5,0,0,0,1,0,0,0,0,0,0,0,1,1,0,0,0,0,0
945,25,"Homme",17786,"Célibataire",0,8,0,0,0,0,0,0,0,1,0,0,0,0,0,0,1,1,0,0
946,27,"Femme",54305,"Célibataire",1,50,1,0,0,1,0,0,0,0,0,0,0,1,0,1,0,0,1,0
947,36,"Femme",57358,"Marié(e)",3,27,1,1,0,0,1,1,0,0,0,0,0,0,1,0,0,0,0,0
948,57,"Homme",174394,"Célibataire",2,31,0,0,1,0,1,0,1,0,0,1,0,0,0,0,0,0,0,0
949,68,"Femme",32797,"Marié(e)",1,38,0,0,0,0,1,0,0,0,1,0,1,0,0,1,0,0,0,1
950,30,"Femme",28790,"Célibataire",0,12.5,0,0,0,1,0,0,0,0,0,0,0,1,0,0,0,0,0,0
951,26,"Homme",29389,"Célibataire",0,12.5,0,0,0,0,0,0,0,1,0,0,0,0,1,0,0,1,0,0
952,46,"Femme",45991,"Marié(e)",3,16,0,1,0,0,0,1,0,0,0,0,0,0,1,0,0,0,0,0
953,26,"Homme",55827,"Célibataire",0,65,1,1,1,1,1,1,0,1,1,0,1,0,0,0,1,1,0,0
954,36,"Femme",141736,"Marié(e)",2,16.5,0,0,1,0,0,0,1,0,0,1,0,0,0,0,0,0,0,0
955,35,"Femme",46417,"Marié(e)",2,30.5,0,1,0,1,1,1,0,0,0,0,0,0,1,0,0,0,0,0
956,43,"Homme",47902,"Marié(e)",2,11,0,1,0,0,0,0,0,0,0,0,0,1,1,0,0,0,0,0
957,37,"Homme",192153,"Célibataire",2,41,1,0,1,0,0,0,0,0,1,1,1,1,0,1,1,0,0,1
958,49,"Femme",38089,"Marié(e)",3,7.5,0,0,0,0,0,1,0,0,0,0,0,0,0,1,0,0,0,0
959,66,"Femme",21574,"Veuf(ve)",1,26,0,0,1,1,0,0,0,0,1,0,1,1,0,0,0,0,0,1
960,49,"Femme",37977,"Marié(e)",3,27,0,0,0,1,0,1,0,0,0,0,0,0,1,0,0,0,0,0
961,29,"Homme",23974,"Célibataire",0,18.5,0,0,0,0,0,0,0,1,0,0,1,0,0,0,1,1,0,0
962,23,"Homme",29324,"Célibataire",0,27.5,0,1,0,0,0,0,0,1,0,0,0,1,0,0,1,0,0,0
963,69,"Femme",161495,"Célibataire",2,72.5,0,1,1,1,1,0,0,0,0,1,1,1,0,1,0,1,1,0
964,45,"Femme",33305,"Célibataire",0,54,0,0,0,1,0,0,0,0,0,0,0,1,1,1,0,0,0,0
965,49,"Femme",51296,"Marié(e)",2,39,0,1,1,0,1,1,0,0,0,0,0,0,1,0,1,0,0,0
966,37,"Homme",218062,"Veuf(ve)",2,82.5,1,0,0,1,1,1,1,1,1,0,0,1,0,1,1,1,1,1
967,49,"Femme",100080,"Célibataire",1,67,0,1,0,1,1,0,0,0,0,0,1,1,1,0,1,1,0,0
968,24,"Homme",28359,"Célibataire",0,18.5,0,0,0,0,0,0,0,1,0,0,0,0,1,0,1,0,0,0
969,69,"Homme",22789,"Veuf(ve)",1,22,0,0,0,0,0,0,0,0,1,0,1,0,0,1,0,0,0,1
970,27,"Homme",22427,"Célibataire",0,17.5,0,0,0,0,0,0,0,1,0,0,0,0,0,0,1,1,0,0
971,62,"Homme",124546,"Marié(e)",2,25,1,0,1,0,0,0,1,0,0,0,0,0,0,0,0,0,1,0
972,28,"Homme",21202,"Célibataire",0,41.5,0,0,0,0,1,0,0,1,1,0,0,0,0,0,1,1,0,0
973,52,"Homme",158887,"Célibataire",0,35,0,0,1,0,0,1,1,0,0,1,0,0,0,0,0,0,1,0
974,23,"Homme",25198,"Célibataire",0,52.5,0,1,0,0,1,0,0,1,0,0,0,0,0,1,1,1,0,0
975,26,"Homme",19883,"Célibataire",0,33,1,0,0,0,0,0,0,1,0,0,1,0,0,0,1,0,1,0
976,64,"Homme",242739,"Célibataire",1,52,0,0,1,0,0,0,1,0,0,1,1,0,1,0,0,0,1,0
977,48,"Homme",182905,"Célibataire",0,19,0,0,1,1,0,0,0,0,0,1,0,1,0,0,0,0,1,0
978,37,"Homme",215571,"Marié(e)",1,38.5,0,0,1,0,0,0,1,0,0,1,0,0,0,0,0,1,1,0
979,50,"Femme",46653,"Marié(e)",3,53.5,0,1,0,0,1,1,0,0,0,0,0,0,1,1,0,0,0,0
980,80,"Homme",29210,"Marié(e)",0,41,0,1,0,0,1,0,0,0,1,0,0,0,0,0,0,0,0,1
981,65,"Femme",28814,"Veuf(ve)",1,26,0,0,0,0,0,0,0,0,1,0,1,0,0,0,0,0,0,1
982,34,"Homme",172535,"Célibataire",1,64.5,1,1,0,1,0,0,1,0,0,1,1,1,0,0,1,1,0,1
983,56,"Femme",15954,"Célibataire",0,16.5,0,0,0,1,0,0,0,0,1,0,0,0,0,1,0,0,0,0
984,36,"Homme",30635,"Marié(e)",2,19.5,0,1,0,0,1,1,0,0,0,0,0,0,1,0,0,0,0,0
985,42,"Femme",55140,"Marié(e)",2,12,0,0,0,0,1,0,0,0,0,0,0,0,1,0,0,0,0,1
986,78,"Femme",31455,"Veuf(ve)",0,40.5,0,0,0,0,0,0,1,0,1,0,1,0,1,1,1,0,0,1
987,22,"Homme",28853,"Célibataire",0,21.5,0,0,1,0,0,0,0,1,0,0,0,0,0,0,1,1,0,0
988,30,"Femme",55061,"Célibataire",1,20.5,0,1,0,1,0,0,0,0,0,0,0,1,0,1,0,0,0,0
989,33,"Femme",108125,"Marié(e)",2,45,0,1,0,0,0,0,1,0,1,1,1,0,0,0,0,0,1,0
990,21,"Homme",15667,"Célibataire",0,18.5,0,0,0,0,0,0,0,1,0,0,0,0,0,0,1,1,0,0
991,25,"Homme",16918,"Célibataire",0,11,0,0,0,0,0,0,0,0,0,0,0,0,0,0,1,1,0,0
992,30,"Femme",49409,"Célibataire",0,49,0,0,0,1,0,0,0,1,0,0,0,1,0,1,0,0,0,1
993,60,"Femme",95464,"Marié(e)",3,89,0,0,1,1,1,1,0,1,0,1,0,1,1,1,1,1,1,0
994,75,"Femme",34927,"Célibataire",3,95.5,0,0,1,1,0,1,1,0,1,1,1,0,1,1,0,1,1,1
995,76,"Homme",27705,"Veuf(ve)",0,48,0,0,0,0,0,1,0,0,0,1,1,0,0,1,0,1,0,1
996,80,"Femme",19634,"Marié(e)",1,10,0,0,0,0,0,0,0,0,0,0,1,0,0,1,0,0,0,1
997,79,"Femme",24828,"Marié(e)",0,20.5,0,0,1,0,0,0,0,0,1,0,1,0,0,0,0,1,0,1
998,45,"Homme",44871,"Marié(e)",2,53,0,1,0,0,1,1,0,0,1,1,0,0,1,0,0,0,0,0
999,52,"Femme",59784,"Marié(e)",2,40,0,1,0,0,1,1,0,0,0,0,0,0,1,0,0,0,0,0
1000,25,"Homme",23507,"Célibataire",0,23.5,0,0,0,0,0,0,0,1,1,0,0,0,0,1,1,1,0,0
1001,48,"Homme",41318,"Marié(e)",2,16,0,0,0,0,1,1,0,0,0,0,0,0,1,0,0,0,0,0
1002,37,"Femme",40412,"Marié(e)",2,34.5,0,1,0,0,1,1,0,0,0,0,1,0,1,0,0,0,0,1
1003,45,"Homme",45793,"Marié(e)",3,26,0,1,0,0,1,1,0,0,0,0,0,0,1,0,0,0,0,0
1004,51,"Femme",151843,"Marié(e)",1,32,0,0,0,0,0,0,1,1,0,1,0,0,0,1,0,0,1,0
1005,73,"Femme",19113,"Marié(e)",0,19,0,0,0,0,0,0,0,0,1,0,1,0,0,1,0,0,0,0
1006,80,"Homme",18317,"Marié(e)",0,26.5,0,0,0,0,0,0,0,1,1,0,1,0,0,1,0,0,0,1
1007,57,"Femme",140933,"Célibataire",1,55,0,1,1,1,0,0,0,1,1,1,1,0,1,0,0,1,0,0
1008,78,"Homme",33037,"Marié(e)",0,55.5,0,0,0,0,0,0,0,0,1,1,1,0,0,1,0,0,0,1
1009,38,"Homme",41945,"Marié(e)",3,12.5,1,0,0,0,1,1,0,0,0,0,0,0,0,0,0,0,0,0
1010,75,"Femme",19396,"Veuf(ve)",1,36.5,0,0,0,0,0,0,0,0,1,1,1,0,0,1,0,0,0,1
1011,79,"Homme",19558,"Marié(e)",0,24,0,0,0,0,1,0,0,0,1,0,1,0,0,1,0,0,0,1
1012,44,"Homme",36402,"Marié(e)",2,23.5,0,1,0,0,1,1,0,0,0,0,0,0,1,0,0,0,0,0
1013,18,"Homme",25708,"Célibataire",0,40,0,0,0,1,0,0,0,1,0,0,0,0,0,0,1,1,0,0
1014,23,"Homme",23835,"Célibataire",0,22.5,0,0,0,0,0,0,0,1,0,0,0,0,0,0,1,0,0,0
1015,21,"Homme",27421,"Célibataire",0,16,0,0,0,0,0,0,0,1,0,0,0,0,0,0,1,1,0,0
1016,72,"Homme",18294,"Marié(e)",0,31,0,0,0,0,0,1,0,0,1,0,1,0,0,0,0,0,0,1
1017,21,"Homme",23296,"Célibataire",0,8,0,0,0,0,0,0,0,1,0,0,0,0,0,0,1,1,0,0
1018,23,"Homme",15090,"Célibataire",0,8,0,0,0,0,0,0,0,1,0,0,0,0,0,0,0,1,0,0
1019,53,"Homme",199064,"Célibataire",0,37,0,0,0,1,0,0,1,0,0,1,0,0,0,0,0,1,1,0
1020,991,"Femme",49652,"Célibataire",1,47.5,0,0,0,1,0,0,0,0,0,0,1,1,0,1,0,0,0,1
1021,19,"Homme",24613,"Célibataire",0,40,1,0,1,0,0,0,0,0,0,0,0,1,0,0,1,1,0,0
1022,37,"Femme",54374,"Célibataire",0,32,0,0,0,1,0,0,1,1,0,0,0,1,1,1,0,0,0,0
1023,22,"Homme",29060,"Célibataire",0,22.5,0,0,0,0,0,0,0,1,0,0,0,0,0,0,1,1,0,1
1024,56,"Homme",164169,"Marié(e)",2,16,0,0,1,0,0,1,0,0,1,0,0,0,0,0,1,0,1,0
1025,43,"Homme",33837,"Marié(e)",2,6.5,0,0,0,0,0,1,0,0,0,0,0,0,1,0,0,0,0,0
1026,24,"Homme",21498,"Célibataire",0,18.5,0,0,0,0,0,0,0,1,0,0,0,0,0,0,1,1,0,0
1027,76,"Femme",30504,"Marié(e)",1,25.5,0,0,0,1,0,0,0,0,1,0,1,0,0,1,0,0,0,0
1028,74,"Homme",18907,"Marié(e)",0,24,0,0,0,0,0,0,0,0,0,0,1,0,0,1,0,0,0,1
1029,59,"Femme",47747,"Célibataire",0,28.5,0,0,1,1,0,0,0,0,0,0,0,1,0,1,0,0,0,0
1030,49,"Femme",54526,"Célibataire",0,17.5,0,0,0,1,0,0,0,0,0,0,0,1,0,1,0,0,0,0
1031,51,"Femme",57932,"Marié(e)",2,35,0,1,1,0,1,1,0,0,0,0,0,1,0,0,0,0,0,0
1032,19,"Homme",25849,"Célibataire",0,20,0,0,0,0,1,0,0,1,0,0,0,0,1,0,0,1,0,0
1033,29,"Homme",28121,"Célibataire",0,19,0,0,0,0,0,0,0,1,0,0,0,0,1,0,1,1,0,0
1034,46,"Femme",16586,"Célibataire",0,4,0,0,0,1,0,0,0,0,0,0,0,0,0,0,0,0,0,0
1035,67,"Femme",20683,"Marié(e)",0,28,0,0,0,0,0,0,0,0,1,0,1,0,0,0,1,0,0,1
1036,19,"Homme",25527,"Célibataire",0,24.5,1,0,0,0,0,0,1,1,0,0,0,0,0,0,1,1,0,0
1037,73,"Homme",19406,"Marié(e)",1,23.5,0,0,0,0,0,1,0,0,1,1,0,0,0,1,0,0,1,0
1038,54,"Femme",20255,"Célibataire",0,22.5,0,0,0,0,0,0,0,0,0,0,0,1,0,1,0,0,0,0
1039,27,"Femme",50433,"Célibataire",0,14,0,0,0,1,0,0,0,0,0,0,0,1,0,0,0,0,0,0
1040,53,"Homme",48104,"Marié(e)",3,28,0,1,0,0,1,1,0,0,0,0,0,0,0,0,0,0,0,0
1041,20,"Homme",21925,"Célibataire",0,24.5,0,0,1,0,0,0,0,1,0,0,0,0,0,0,1,1,0,1
1042,51,"Femme",40903,"Marié(e)",2,31,0,0,0,0,1,1,0,0,0,1,0,0,1,0,0,0,0,0
1043,22,"Homme",27439,"Célibataire",0,45.5,1,0,0,0,0,0,1,1,0,1,0,0,0,0,1,1,0,0
1044,46,"Femme",39469,"Marié(e)",2,30.5,0,1,0,1,1,1,0,0,0,0,0,0,1,0,0,0,1,0
1045,27,"Homme",28931,"Célibataire",0,31.5,0,0,0,0,0,0,0,1,0,0,0,0,0,1,1,1,0,0
1046,29,"Homme",19151,"Célibataire",0,30,0,1,0,0,0,0,0,1,0,0,1,0,0,0,0,1,0,0
1047,79,"Homme",157261,"Marié(e)",3,42.5,0,1,0,0,0,0,1,0,1,1,0,1,1,0,1,0,0,1
1048,21,"Homme",29807,"Célibataire",0,38.5,0,0,0,1,1,0,0,0,0,0,0,0,0,0,1,1,0,0
1049,26,"Homme",24103,"Célibataire",0,34.5,0,0,1,0,0,0,0,1,0,0,0,0,0,0,1,1,0,0
1050,74,"Femme",34029,"Marié(e)",1,16.5,0,0,0,0,0,0,0,0,1,0,1,0,1,1,0,0,0,1
1051,29,"Homme",25846,"Célibataire",0,34,0,0,0,0,0,1,1,1,1,0,0,0,0,0,1,1,0,0
1052,63,"Femme",240808,"Célibataire",2,8.5,0,0,0,0,0,0,1,0,0,1,0,0,0,0,0,0,1,0
1053,77,"Homme",201538,"Veuf(ve)",2,35.5,1,0,0,1,0,1,0,0,0,0,0,0,0,0,1,1,0,1
1054,48,"Femme",41885,"Marié(e)",3,40,0,1,1,0,1,1,0,0,0,0,0,0,1,0,0,0,0,0
1055,65,"Homme",22201,"Marié(e)",0,10,0,1,0,0,0,0,0,0,1,0,0,0,0,1,0,0,0,1
1056,21,"Homme",15493,"Célibataire",0,8,0,0,0,0,0,0,0,0,0,0,0,0,0,0,1,1,0,0
1057,48,"Homme",32151,"Marié(e)",3,26,0,1,0,0,1,1,0,0,0,0,0,0,1,0,0,0,0,0
1058,45,"Homme",47682,"Marié(e)",3,7.5,0,0,0,0,0,1,0,0,0,0,0,0,1,0,0,0,0,0
1059,23,"Homme",24647,"Célibataire",0,22.5,0,1,0,0,0,0,0,1,0,0,0,0,0,0,0,1,0,0
1060,69,"Homme",22457,"Veuf(ve)",1,40.5,0,1,1,0,1,0,0,0,1,0,1,0,0,1,0,0,0,1
1061,45,"Femme",41389,"Marié(e)",3,21.5,0,1,0,1,1,1,0,0,0,0,0,0,1,0,0,0,0,0
1062,40,"Homme",57798,"Marié(e)",2,18.5,0,1,0,0,0,1,0,0,0,0,0,0,1,0,0,0,0,0
1063,25,"Homme",25791,"Célibataire",0,8,0,0,0,0,0,0,0,0,0,0,0,0,0,0,1,0,0,0
1064,65,"Femme",30672,"Célibataire",2,69,1,1,0,0,1,0,0,0,0,0,1,1,0,1,1,0,1,1
1065,23,"Homme",17373,"Célibataire",0,33,0,0,0,0,1,0,0,1,1,0,0,0,0,1,1,0,0,0
1066,28,"Homme",28199,"Célibataire",0,14,0,0,0,0,0,0,0,1,0,0,0,0,0,0,1,0,0,0
1067,67,"Homme",18654,"Marié(e)",0,30.5,0,1,0,0,1,0,0,0,1,0,1,1,0,1,0,0,0,1
1068,56,"Homme",42052,"Marié(e)",2,78.5,0,1,1,1,1,1,0,0,1,1,1,0,1,0,1,0,1,0
1069,29,"Homme",24359,"Célibataire",0,16,0,0,0,0,0,1,1,0,0,0,0,0,0,0,0,1,0,0
1070,36,"Femme",57773,"Marié(e)",2,14,0,0,0,0,0,1,0,0,0,0,0,0,1,0,0,0,0,0
1071,23,"Homme",15862,"Célibataire",0,20,0,0,1,0,0,0,0,1,1,0,0,0,0,0,1,1,0,0
1072,46,"Femme",58910,"Marié(e)",2,32.5,0,0,0,0,1,1,0,0,0,0,0,0,1,0,0,0,0,0
1073,45,"Homme",48221,"Marié(e)",2,44,1,1,0,0,1,1,0,1,0,1,0,0,1,0,0,0,0,0
1074,25,"Homme",20468,"Célibataire",0,8,0,0,0,0,0,0,0,0,0,0,0,0,0,0,1,1,0,0
1075,22,"Homme",17614,"Célibataire",0,15.5,0,0,0,0,0,0,0,1,0,0,0,0,0,0,1,1,0,0
1076,26,"Homme",26663,"Célibataire",0,19.5,0,0,0,1,0,0,0,1,0,0,0,0,0,1,0,1,0,0
1077,43,"Femme",27552,"Célibataire",0,8,0,0,0,1,0,0,0,0,0,0,0,1,0,1,0,0,0,0
1078,25,"Homme",28009,"Célibataire",0,10,0,1,0,0,0,0,0,0,0,0,0,0,0,0,0,0,0,0
1079,39,"Femme",214389,"Marié(e)",0,22,0,0,1,0,0,0,1,0,0,1,0,0,0,0,0,0,0,0
1080,55,"Homme",178283,"Marié(e)",0,38.5,0,0,1,0,0,1,1,0,0,1,0,0,0,0,1,0,0,0
1081,37,"Homme",38087,"Marié(e)",2,17,0,0,0,0,0,1,0,0,0,0,0,0,1,0,0,0,0,0
1082,62,"Femme",121770,"Célibataire",0,41.5,0,0,1,0,0,0,1,0,0,1,0,0,0,0,0,0,1,1
1083,66,"Femme",26440,"Marié(e)",1,50,0,0,0,0,0,0,1,0,1,0,1,0,0,1,0,1,0,0
1084,23,"Homme",28211,"Célibataire",0,58,0,0,0,0,0,1,1,1,0,0,0,0,0,0,1,1,0,0
1085,29,"Homme",24477,"Célibataire",0,34,0,0,0,0,0,0,1,1,1,0,0,0,0,0,1,0,0,0
1086,35,"Femme",31958,"Marié(e)",2,50.5,0,1,0,0,1,1,0,0,0,0,0,0,1,0,1,0,0,0
1087,66,"Homme",25896,"Veuf(ve)",0,10.5,0,0,0,0,0,0,0,0,1,0,1,0,0,0,0,0,0,1
1088,53,"Femme",35584,"Marié(e)",3,48.5,0,1,0,0,1,1,0,0,0,0,0,1,1,0,0,0,0,0
1089,77,"Femme",33092,"Veuf(ve)",0,32,0,0,0,0,0,0,0,0,1,0,0,0,0,1,0,1,0,1
1090,71,"Homme",29240,"Veuf(ve)",1,25,0,0,0,0,0,1,0,0,1,0,1,0,0,1,0,1,0,1
1091,25,"Femme",27033,"Célibataire",0,32,0,0,0,1,0,0,0,0,0,0,0,1,0,1,0,0,0,0
1092,66,"Homme",30208,"Marié(e)",1,6.5,0,0,0,0,0,0,0,0,0,0,1,0,0,1,0,0,0,0
1093,45,"Femme",226484,"Célibataire",1,26.5,0,0,1,0,0,0,1,0,0,1,0,0,0,0,0,0,1,0
1094,27,"Homme",16935,"Célibataire",0,23,0,0,0,1,0,0,0,1,1,0,0,0,0,1,0,1,0,0
1095,40,"Homme",181688,"Marié(e)",0,102.5,1,1,0,1,1,0,0,1,1,1,1,0,1,1,1,1,1,0
1096,46,"Femme",30578,"Marié(e)",2,11,0,0,0,0,1,1,0,0,0,0,0,0,1,0,0,0,0,0
1097,27,"Homme",28221,"Célibataire",0,15.5,0,0,0,0,0,0,0,1,0,0,0,1,0,0,1,1,0,0
1098,47,"Femme",35368,"Célibataire",0,48,0,0,0,1,0,0,0,0,1,0,0,1,0,0,0,0,0,1
1099,22,"Femme",32361,"Célibataire",0,15.5,0,0,0,1,0,0,0,0,0,0,0,1,0,1,0,0,0,0
1100,51,"Femme",52976,"Marié(e)",2,20.5,0,1,0,0,1,1,0,0,0,0,0,0,1,0,0,0,0,0
1101,51,"Femme",49891,"Marié(e)",3,21,0,1,1,1,0,1,0,0,0,0,0,0,1,0,0,0,0,0
1102,19,"Homme",28705,"Célibataire",0,24,0,0,0,0,0,0,0,0,0,0,0,0,0,0,1,1,0,0
1103,24,"Femme",72961,"Célibataire",2,45.5,1,0,0,1,1,0,1,1,0,1,0,1,1,0,0,0,1,0
1104,37,"Femme",175891,"Marié(e)",2,12.5,0,0,0,0,0,0,1,0,0,0,0,0,0,0,0,0,1,0
1105,72,"Femme",24750,"Veuf(ve)",0,31.5,0,0,0,1,0,0,0,0,1,0,1,0,0,1,0,0,0,1
1106,18,"Homme",25782,"Célibataire",0,27,0,1,0,0,0,0,0,1,0,0,0,0,0,0,1,0,1,0
1107,68,"Homme",22858,"Veuf(ve)",0,47.5,0,0,0,0,1,0,0,0,1,1,1,0,0,1,0,0,1,0
1108,52,"Femme",52263,"Marié(e)",2,29,0,1,0,0,0,1,1,0,0,0,0,0,1,0,0,0,0,0
1109,22,"Femme",19381,"Célibataire",0,34,0,0,0,1,0,0,0,0,0,0,0,1,0,1,1,0,0,0
1110,65,"Homme",28452,"Marié(e)",0,25,0,0,0,0,1,0,0,0,1,0,1,0,0,1,0,1,0,0
1111,71,"Femme",22752,"Veuf(ve)",1,48,0,1,0,1,0,0,0,0,0,0,1,0,0,1,0,0,0,1
1112,49,"Homme",37533,"Marié(e)",3,56.5,0,1,0,0,1,1,0,0,0,0,0,1,1,0,1,0,1,0
1113,19,"Homme",20566,"Célibataire",0,49.5,1,0,0,0,0,0,0,1,0,0,1,0,0,0,1,1,0,0
1114,19,"Homme",15576,"Célibataire",0,23,0,0,0,1,0,0,0,1,0,0,0,1,0,0,1,1,0,0
1115,43,"Homme",55916,"Marié(e)",2,29,0,1,0,0,1,0,0,0,1,0,0,0,0,0,0,0,0,0
1116,37,"Femme",171060,"Célibataire",1,10,0,1,0,0,0,0,1,0,0,0,0,0,0,0,0,0,1,0
1117,19,"Homme",28222,"Célibataire",0,20,0,0,0,1,0,0,0,0,0,0,0,0,0,0,1,1,0,0
1118,77,"Femme",27446,"Marié(e)",1,44,0,1,0,0,0,0,0,0,0,0,0,0,0,1,0,0,1,1
1119,31,"Femme",137197,"Marié(e)",2,25.5,1,0,0,1,0,1,1,0,0,0,0,0,0,0,0,0,0,0
1120,51,"Homme",204199,"Marié(e)",1,57,0,0,1,0,0,0,1,1,0,1,0,0,1,0,0,0,1,0
1121,39,"Homme",58524,"Marié(e)",3,30,0,1,0,0,1,1,0,0,0,0,0,0,0,0,0,0,0,0
1122,27,"Homme",27611,"Célibataire",0,44.5,0,0,0,0,0,0,0,1,0,1,0,0,0,1,1,1,0,1
1123,20,"Homme",23468,"Célibataire",0,24,0,0,0,0,0,0,0,1,0,0,0,1,0,0,1,1,0,0
1124,49,"Femme",18048,"Célibataire",1,84,1,0,1,0,1,1,1,1,1,0,0,0,1,1,1,0,1,0
1125,54,"Homme",59541,"Marié(e)",2,61,0,1,0,1,1,1,0,0,1,0,0,0,0,1,0,0,0,0
1126,42,"Femme",33538,"Marié(e)",3,39,0,1,0,0,1,1,0,0,0,0,0,0,1,0,0,0,0,1
1127,19,"Homme",17858,"Célibataire",0,17,0,0,0,0,0,0,0,1,0,1,0,0,0,0,0,0,0,0
1128,41,"Femme",51596,"Marié(e)",2,19.5,0,1,0,0,1,1,0,0,0,0,0,0,1,0,0,0,0,0
1129,18,"Homme",20207,"Célibataire",0,31.5,0,0,0,0,0,1,0,1,1,0,0,0,0,0,0,1,0,1
1130,53,"Homme",50835,"Marié(e)",3,31,0,1,0,0,1,1,0,0,0,0,0,0,0,1,0,0,0,0
1131,46,"Femme",186469,"Marié(e)",2,30.5,0,0,1,0,0,0,1,0,0,1,0,0,0,0,0,0,1,0
1132,77,"Femme",26818,"Marié(e)",1,24,0,0,0,0,0,0,1,0,1,0,0,0,0,1,0,0,0,1
1133,25,"Homme",29034,"Célibataire",0,9.5,0,1,0,0,0,0,0,1,0,0,0,1,0,0,1,0,0,0
1134,56,"Femme",223090,"Célibataire",2,17.5,0,0,1,0,0,1,1,0,0,0,0,0,0,0,0,0,0,0
1135,54,"Femme",43183,"Marié(e)",3,27.5,0,0,0,0,1,1,0,0,0,0,0,0,1,0,1,0,0,0
1136,52,"Homme",59692,"Marié(e)",2,47.5,0,1,0,0,1,1,0,1,0,0,0,0,0,0,0,0,0,1
1137,26,"Homme",21866,"Célibataire",0,44,0,0,1,0,0,0,0,1,1,0,0,0,0,0,1,1,0,0
1138,44,"Femme",198238,"Célibataire",0,59.5,0,0,1,1,0,0,1,0,1,1,0,0,0,0,0,1,0,0
1139,51,"Femme",37323,"Marié(e)",3,38,0,1,0,0,1,1,0,0,0,0,0,0,1,0,0,0,0,0
1140,77,"Homme",21449,"Veuf(ve)",1,26,0,1,0,0,0,0,1,0,1,0,1,0,0,1,0,0,0,1
1141,41,"Homme",120329,"Marié(e)",0,25.5,0,0,1,0,0,0,1,0,0,1,1,0,0,0,0,1,1,0
1142,53,"Femme",35867,"Célibataire",0,30,0,0,0,1,0,0,0,0,0,0,0,1,0,1,0,1,0,0
1143,27,"Homme",20488,"Célibataire",0,8,0,0,0,0,0,0,0,1,0,0,0,0,0,0,1,1,0,0
1144,36,"Homme",43251,"Marié(e)",2,38,1,1,0,0,1,1,0,0,0,1,0,0,0,0,0,0,0,0
1145,50,"Femme",41580,"Célibataire",0,32,0,0,0,1,0,0,0,0,0,0,0,1,0,1,0,0,0,0
1146,54,"Femme",45527,"Marié(e)",2,7,0,1,0,0,0,1,0,0,0,0,0,0,0,0,0,0,0,0
1147,48,"Homme",53149,"Marié(e)",2,26,0,1,0,0,1,1,0,0,0,0,0,0,1,0,0,0,0,0
1148,45,"Homme",154372,"Marié(e)",0,47,1,0,1,0,0,0,1,0,0,1,0,1,0,0,1,0,1,0
1149,23,"Homme",15019,"Célibataire",0,11.5,0,0,0,0,0,0,0,0,0,0,0,0,0,0,1,1,0,0
1150,36,"Homme",237021,"Marié(e)",2,46.5,0,1,1,0,0,0,1,0,0,1,0,0,0,0,1,0,0,0
1151,74,"Homme",24000,"Marié(e)",1,54,0,0,0,1,0,0,0,0,1,0,0,1,0,1,0,0,1,1
1152,18,"Femme",17206,"Célibataire",0,11,0,0,0,1,0,0,0,0,0,0,0,1,0,1,0,0,0,0
1153,28,"Homme",29098,"Célibataire",0,26,0,0,0,0,0,0,0,1,0,0,0,0,0,0,1,0,0,0
1154,76,"Homme",33868,"Marié(e)",1,23,0,0,0,0,0,0,0,0,1,0,1,0,0,0,0,0,0,1
1155,45,"Femme",48010,"Célibataire",0,13.5,0,0,0,1,0,0,0,0,0,0,0,0,0,1,1,0,0,0
1156,29,"Homme",23393,"Célibataire",0,33,1,0,0,0,0,0,0,1,0,0,0,0,0,0,0,1,0,0
1157,29,"Homme",25714,"Célibataire",0,2,0,0,0,0,0,0,0,1,0,0,0,0,0,0,0,0,0,0
1158,67,"Homme",19108,"Marié(e)",1,13,0,0,0,0,0,0,0,0,1,0,1,0,0,1,0,0,0,1
1159,19,"Homme",29804,"Célibataire",0,18,0,0,0,0,0,0,0,1,0,0,0,0,0,0,1,1,1,0
1160,36,"Femme",59115,"Marié(e)",3,58,0,1,0,0,1,1,0,0,1,0,0,0,1,0,0,0,1,1
1161,944,"Homme",26871,"Célibataire",0,13,0,0,0,0,0,0,0,0,1,0,0,0,0,0,1,1,0,0
1162,55,"Femme",140014,"Veuf(ve)",0,65,1,1,1,1,1,0,0,0,0,0,1,0,0,1,0,0,0,1
1163,37,"Homme",41108,"Marié(e)",3,34.5,0,0,1,0,0,1,0,0,0,0,0,0,1,0,0,0,0,1
1164,52,"Femme",58290,"Marié(e)",2,15.5,0,1,0,0,1,1,0,1,0,0,0,0,0,0,1,0,0,0
1165,47,"Femme",42405,"Célibataire",0,36.5,0,0,1,1,0,0,0,1,1,0,0,1,0,0,0,0,0,0
1166,51,"Femme",50217,"Marié(e)",2,43.5,0,1,0,0,1,1,1,0,0,0,0,1,1,0,0,0,0,0
1167,36,"Homme",184098,"Marié(e)",1,28,0,0,1,0,0,0,0,0,0,1,0,0,0,0,0,0,1,0
1168,55,"Femme",24585,"Célibataire",1,38.5,1,1,0,1,0,0,0,0,0,0,0,1,0,0,1,0,0,0
1169,43,"Homme",59203,"Marié(e)",2,13,0,1,0,0,1,0,0,0,0,0,1,0,0,0,0,0,0,0
1170,47,"Femme",31171,"Marié(e)",2,33,0,0,0,0,1,1,0,0,0,0,0,0,1,1,1,0,0,0
1171,49,"Femme",17439,"Célibataire",0,20,0,0,0,1,1,0,0,0,0,0,1,1,0,1,0,0,0,0
1172,40,"Homme",48890,"Marié(e)",3,33.5,0,1,0,0,1,1,0,0,1,0,1,0,1,0,0,0,0,0
1173,863,"Homme",22884,"Célibataire",0,15,0,0,0,0,0,0,0,1,0,0,0,0,0,0,1,0,0,0
1174,70,"Femme",32377,"Veuf(ve)",0,6,0,0,0,0,0,0,0,0,1,0,0,0,0,1,0,0,0,0
1175,54,"Homme",54991,"Marié(e)",3,38,0,1,0,1,1,1,0,0,0,0,0,0,0,0,0,0,0,0
1176,62,"Femme",181740,"Célibataire",0,41.5,0,0,1,0,0,0,1,0,1,1,0,0,0,0,0,1,1,0
1177,48,"Femme",38092,"Marié(e)",3,47,1,1,0,0,1,1,0,0,0,0,1,0,1,0,0,0,0,0
1178,19,"Femme",54198,"Célibataire",0,27.5,0,0,0,1,0,0,0,0,0,0,0,1,0,1,0,0,0,0
1179,78,"Femme",34325,"Marié(e)",1,28.5,1,0,0,0,0,0,0,0,1,0,1,0,0,0,0,0,0,1
1180,68,"Homme",23969,"Veuf(ve)",1,13.5,0,0,1,0,0,0,0,0,1,0,1,0,0,0,0,0,0,1
1181,53,"Homme",52602,"Marié(e)",3,22,0,0,1,0,1,1,0,0,0,0,0,0,0,0,0,0,0,0
1182,69,"Femme",66160,"Célibataire",1,60.5,0,0,0,0,1,0,0,1,1,0,0,1,1,0,0,0,1,1
1183,54,"Homme",200217,"Marié(e)",1,26.5,0,0,1,0,0,0,1,0,0,1,0,0,0,0,0,0,1,0
1184,35,"Femme",126786,"Célibataire",2,32,1,0,1,0,0,0,1,0,0,1,0,0,0,0,0,0,1,0
1185,70,"Femme",29895,"Marié(e)",0,22,0,0,0,0,0,0,0,0,1,0,1,0,0,1,0,0,0,1
1186,55,"Homme",52450,"Marié(e)",2,31.5,0,1,0,0,1,0,0,0,0,0,1,0,1,0,0,0,1,0
1187,26,"Homme",24725,"Célibataire",0,11,0,0,0,0,0,0,0,1,0,0,0,0,0,0,0,1,0,0
1188,71,"Homme",139023,"Célibataire",0,67,0,0,0,0,0,1,0,1,1,1,0,1,1,1,1,0,0,0
1189,66,"Femme",22698,"Marié(e)",1,20.5,0,0,1,0,0,0,0,0,1,0,1,0,0,1,0,0,0,0
1190,23,"Femme",210073,"Marié(e)",1,46.5,1,0,1,0,1,0,1,0,1,0,0,0,1,1,0,0,0,0
1191,79,"Homme",33227,"Veuf(ve)",0,21,0,0,0,0,0,0,0,0,1,0,0,1,0,1,0,0,0,1
1192,57,"-",49904,"Célibataire",0,14,0,0,0,1,0,0,0,0,0,0,0,1,0,0,0,0,0,0
1193,34,"Homme",165176,"Célibataire",0,47.5,0,1,1,0,0,0,0,0,0,1,1,0,1,1,0,1,0,0
1194,36,"Femme",35413,"Marié(e)",2,47,0,1,1,0,1,1,0,1,0,0,0,0,1,0,0,0,0,1
1195,44,"Femme",36720,"Marié(e)",3,23,0,0,0,0,1,0,0,0,0,0,0,0,1,0,0,0,1,0
1196,45,"Femme",46933,"Célibataire",0,13.5,1,0,0,1,0,0,0,0,0,0,0,1,0,0,0,0,1,0
1197,32,"Homme",223586,"Veuf(ve)",2,81.5,1,1,1,0,0,1,1,0,1,0,1,0,1,1,1,1,1,1
1198,42,"Homme",159463,"Marié(e)",0,36,0,0,1,0,1,0,1,0,1,1,0,0,0,0,0,0,1,0
1199,75,"Homme",185476,"Célibataire",1,75.5,0,1,1,0,0,0,1,1,1,1,0,1,0,1,1,0,1,0
1200,55,"Homme",41780,"Marié(e)",2,29.5,0,0,0,0,1,1,0,0,1,0,0,0,1,0,0,0,1,0
1201,70,"Homme",22314,"Marié(e)",0,42.5,0,0,0,0,0,0,0,0,1,0,1,0,0,1,1,0,1,1
1202,27,"Homme",25246,"Célibataire",0,39,0,0,0,0,0,0,0,1,0,0,1,0,0,0,1,1,0,0
1203,78,"Femme",27203,"Veuf(ve)",1,36,0,0,0,0,0,1,0,0,0,0,1,0,0,1,0,0,1,1
1204,49,"Femme",34773,"Célibataire",0,20,0,0,0,1,0,1,0,0,0,0,0,1,0,1,1,0,1,0
1205,51,"Femme",30201,"Marié(e)",2,17.5,0,1,0,0,1,1,0,0,0,0,0,0,1,0,0,0,0,0
1206,53,"Homme",46332,"Marié(e)",3,41.5,0,1,0,0,1,1,0,0,0,0,0,0,1,0,0,0,0,1
1207,29,"Homme",15096,"Célibataire",0,20,0,0,0,1,0,0,1,0,0,0,0,0,0,0,1,0,0,0
1208,21,"Homme",27293,"Célibataire",0,27.5,0,0,0,0,1,0,0,0,0,0,0,0,1,0,1,0,0,1
1209,59,"Femme",20200,"Célibataire",0,39.5,0,0,0,1,0,0,1,0,1,0,0,1,0,1,0,0,0,0
1210,42,"Femme",51949,"Célibataire",0,21.5,0,0,0,1,0,0,0,0,0,0,0,1,0,1,1,0,0,0
1211,32,"Femme",79504,"Marié(e)",2,59.5,1,0,0,0,0,1,1,0,0,0,0,1,1,1,0,1,0,0
1212,74,"Homme",33296,"Veuf(ve)",0,10,0,0,0,0,0,0,0,0,1,0,0,0,0,1,0,0,0,1
1213,58,"Femme",174910,"Marié(e)",0,21,0,0,1,0,0,0,1,0,0,1,0,0,0,0,0,0,1,0
1214,19,"Homme",19015,"Célibataire",0,25.5,0,0,0,0,0,0,0,1,0,0,0,0,0,1,0,1,0,0
1215,39,"Homme",170621,"Marié(e)",0,41.5,0,0,1,1,0,0,1,0,0,1,0,0,0,1,0,0,1,0
1216,24,"Homme",20937,"Célibataire",0,20,0,0,0,1,0,0,0,0,0,0,0,0,0,0,0,0,0,0
1217,47,"Femme",49567,"Marié(e)",3,64,0,1,1,0,1,1,0,0,0,0,0,1,1,0,0,0,1,0
1218,38,"Homme",58729,"Marié(e)",3,21.5,0,1,0,0,1,0,0,0,0,0,0,0,1,0,0,1,0,0
1219,34,"Femme",29748,"Célibataire",0,37,0,1,0,1,0,0,0,0,0,1,0,1,0,1,0,0,0,0
1220,48,"Homme",55326,"Marié(e)",2,30.5,0,1,0,0,1,1,0,0,0,0,0,0,1,0,0,0,0,0
1221,74,"Homme",19700,"Veuf(ve)",0,24.5,0,0,0,0,0,0,1,0,1,0,1,0,0,1,0,0,0,1
1222,26,"Homme",24105,"Célibataire",0,20.5,0,0,0,0,0,0,0,1,0,0,0,0,1,0,1,1,0,0
1223,45,"-",207940,"Marié(e)",2,43,0,0,1,0,0,0,1,0,1,1,0,0,0,0,0,0,1,0
1224,50,"Homme",53868,"Marié(e)",3,21.5,0,1,0,0,1,1,0,0,0,0,0,0,1,0,0,0,0,0
1225,80,"Femme",21749,"Marié(e)",0,20.5,0,1,0,0,0,0,0,0,1,1,1,0,0,1,0,0,0,0
1226,18,"Femme",21474,"Célibataire",1,29,0,0,0,1,0,0,0,0,0,0,0,1,0,1,0,0,0,1
1227,57,"Femme",54408,"Célibataire",0,19.5,0,0,0,1,0,0,0,0,0,0,0,1,0,1,0,0,0,0
1228,39,"Femme",208996,"Marié(e)",2,33,0,0,1,0,0,0,1,0,0,0,0,0,0,0,0,0,1,0
1229,22,"Homme",25783,"Célibataire",0,31,0,1,0,0,0,0,0,1,0,0,0,0,0,0,1,0,0,1
1230,29,"Homme",26052,"Célibataire",0,39.5,0,1,0,0,1,0,0,0,0,0,0,0,0,0,1,1,1,0
1231,43,"Femme",226683,"Célibataire",0,43,0,0,1,0,0,1,1,0,0,1,0,1,0,0,0,1,1,0
1232,60,"Homme",146966,"Marié(e)",0,15.5,0,0,1,0,0,0,1,0,0,1,0,1,0,0,0,0,1,0
1233,52,"Homme",31801,"Marié(e)",2,49,0,1,0,1,1,1,0,0,0,0,0,0,0,0,0,0,0,1
1234,73,"Homme",21981,"Marié(e)",0,24.5,0,0,0,0,0,0,0,1,1,0,1,0,0,1,0,0,0,1
1235,35,"Femme",41269,"Marié(e)",3,19,0,1,0,0,1,1,0,0,0,0,0,0,1,0,0,0,0,0
1236,71,"Femme",20638,"Marié(e)",0,33.5,0,0,0,0,0,0,0,0,1,0,1,0,0,1,0,1,0,1
1237,59,"Femme",24881,"Célibataire",1,16,0,0,0,1,0,0,0,0,0,0,0,1,0,1,0,0,0,0
1238,51,"Femme",38155,"Célibataire",0,19,0,0,0,1,0,0,0,0,1,0,0,1,0,1,0,0,0,0
1239,52,"Homme",54735,"Marié(e)",3,23.5,0,1,0,0,0,0,1,0,0,0,0,0,0,0,1,0,0,0
1240,24,"Femme",51938,"Célibataire",0,22.5,0,0,0,0,0,0,0,0,0,0,0,1,0,1,0,1,0,1
1241,35,"-",50129,"Marié(e)",2,26.5,0,1,0,0,0,1,0,0,0,0,0,0,1,0,0,0,0,1
1242,72,"Homme",21772,"Marié(e)",0,45.5,0,0,0,0,0,0,0,0,1,0,1,0,0,1,0,0,0,1
1243,35,"Homme",31953,"Marié(e)",2,19,0,1,0,1,0,1,0,0,0,0,0,0,0,0,0,0,0,0
1244,32,"Homme",124711,"Veuf(ve)",0,65,0,1,1,0,0,1,0,1,1,0,1,0,1,0,1,1,0,1
1245,45,"Homme",59095,"Marié(e)",3,17.5,0,1,0,0,1,1,0,0,0,0,0,0,1,0,0,0,0,0
1246,28,"Homme",16728,"Célibataire",0,30,0,0,0,0,0,0,0,1,0,0,0,0,0,0,0,1,0,0
1247,22,"Homme",69611,"Veuf(ve)",2,58.5,0,1,0,1,0,1,0,0,0,0,1,1,1,0,0,0,1,1
1248,28,"Homme",29095,"Célibataire",0,32.5,0,0,0,0,0,0,0,1,0,0,0,0,0,0,1,1,0,0
1249,816,"Femme",49358,"Marié(e)",2,43.5,0,1,0,1,1,0,0,0,0,1,0,1,1,0,0,0,0,0
1250,45,"Femme",139312,"Marié(e)",2,12,0,0,1,0,0,0,1,0,0,1,0,0,0,0,0,0,1,0
1251,65,"Homme",19829,"Marié(e)",0,47,0,0,0,0,0,0,0,0,0,0,1,0,1,1,0,0,0,1
1252,68,"Femme",24360,"Veuf(ve)",0,23,0,1,0,0,0,0,0,0,1,0,1,0,0,1,0,0,0,1
1253,51,"Femme",38020,"Marié(e)",2,29.5,1,1,0,0,1,1,0,0,0,0,0,0,1,0,0,0,0,1
1254,66,"Femme",20031,"Veuf(ve)",1,42.5,0,0,0,0,0,0,0,0,0,0,1,1,0,1,0,1,0,1
1255,46,"Femme",42836,"Marié(e)",3,26,0,1,0,0,1,1,0,0,0,0,0,0,1,0,0,0,0,0
1256,73,"Femme",79898,"Marié(e)",3,74.5,0,1,1,1,0,0,1,0,1,1,1,0,0,1,1,0,0,1
1257,66,"Femme",30557,"Veuf(ve)",1,18,0,0,0,0,0,0,0,0,1,0,1,0,0,0,0,0,0,1
1258,23,"Homme",29195,"Célibataire",0,28.5,0,0,0,0,0,0,1,1,0,0,0,0,0,0,1,1,0,0
1259,40,"Homme",48500,"Marié(e)",2,23,0,1,0,1,1,0,0,0,0,0,0,0,0,0,0,1,0,0
1260,38,"Homme",43044,"Marié(e)",3,25,0,0,0,0,1,1,0,0,0,0,1,0,1,0,0,1,0,0
1261,79,"Homme",29872,"Veuf(ve)",1,36.5,0,0,0,0,0,0,0,0,1,0,1,0,0,1,1,0,0,1
1262,69,"Homme",23433,"Veuf(ve)",0,23.5,1,0,0,0,0,0,0,0,0,0,1,1,1,0,0,0,0,1
1263,19,"Femme",24466,"Célibataire",0,22.5,0,0,0,1,0,0,0,0,0,0,0,1,0,1,1,0,0,0
1264,23,"-",16084,"Célibataire",0,19,0,0,0,0,0,0,0,1,0,0,1,0,0,0,1,0,0,0
1265,42,"Femme",202572,"Célibataire",1,35,1,0,1,1,0,0,1,0,0,1,0,1,0,0,0,0,1,0
1266,47,"Homme",59557,"Marié(e)",2,48,1,1,0,0,1,1,0,1,0,0,0,0,1,0,0,1,0,0
1267,23,"Homme",29711,"Célibataire",0,12,0,0,0,0,0,0,0,0,0,0,0,0,0,0,1,0,0,0
1268,39,"Femme",26936,"Célibataire",0,30,0,0,0,1,1,0,0,0,0,0,0,1,0,0,0,1,0,0
1269,36,"Homme",30076,"Marié(e)",3,40,0,1,0,0,1,1,0,0,0,0,0,0,1,0,0,0,0,0
1270,68,"-",22101,"Marié(e)",0,38.5,0,0,0,0,0,0,0,0,1,0,0,0,1,1,1,0,0,1
1271,31,"Homme",238293,"Célibataire",0,37,0,1,1,0,0,0,1,0,1,0,1,0,0,1,1,0,0,1
1272,64,"Femme",178480,"Célibataire",0,69.5,0,0,1,1,0,1,1,1,0,1,1,0,1,0,0,0,0,1
1273,27,"-",22189,"Célibataire",0,13.5,0,0,0,1,0,0,0,1,0,0,0,0,0,0,0,1,0,0
1274,61,"Homme",200843,"Célibataire",1,28,0,0,1,0,0,0,1,0,0,1,0,0,0,0,0,0,1,0
1275,74,"Homme",19473,"Marié(e)",0,28.5,0,0,0,0,1,0,0,0,1,0,1,0,0,1,0,1,0,1
1276,18,"Homme",22158,"Célibataire",0,17.5,0,0,0,0,0,0,0,1,0,0,0,0,0,0,1,1,0,0
1277,46,"Homme",42364,"Marié(e)",3,22.5,0,1,0,0,0,0,0,0,0,1,1,0,1,0,1,0,0,0
1278,815,"Homme",23583,"Marié(e)",1,45.5,0,0,0,0,0,0,0,0,1,0,1,0,0,1,0,0,0,1
1279,18,"Femme",22734,"Célibataire",1,15.5,0,0,0,1,0,0,0,0,0,0,0,1,0,1,0,0,0,0
1280,24,"Homme",24971,"Célibataire",0,27.5,0,0,0,0,0,0,0,1,0,0,0,0,0,0,1,1,0,0
1281,48,"Femme",188422,"Veuf(ve)",2,28,0,1,1,0,0,1,0,1,0,0,0,0,0,0,0,0,0,0
1282,42,"Femme",55920,"Marié(e)",3,23.5,0,0,0,0,1,1,0,0,0,0,1,0,1,0,0,0,0,0
1283,34,"Femme",59825,"Célibataire",0,10.5,0,0,0,1,0,0,0,0,0,0,0,1,0,0,0,0,0,0
1284,78,"Femme",93729,"Marié(e)",0,89,0,0,1,1,1,1,1,1,0,1,1,0,0,0,1,1,0,0
1285,21,"Homme",29561,"Célibataire",0,30,1,0,0,1,0,0,1,1,0,0,0,0,0,0,1,1,0,0
1286,67,"Femme",201531,"Marié(e)",0,66,0,1,1,0,0,0,1,1,0,1,0,1,1,1,1,1,1,0
1287,19,"Homme",17472,"Célibataire",0,17,0,0,0,0,0,0,1,1,1,0,0,0,0,0,1,0,0,0
1288,39,"Femme",42292,"Célibataire",0,39,0,0,0,1,0,0,0,1,0,0,0,1,0,1,0,0,0,0
1289,67,"Homme",30005,"Veuf(ve)",0,14.5,0,0,0,0,0,0,0,1,0,0,1,0,0,0,0,0,0,1
1290,34,"Femme",41802,"Célibataire",0,35.5,0,0,0,1,1,0,0,0,0,0,0,1,0,0,1,0,0,0
1291,68,"Femme",21354,"Marié(e)",1,40,0,0,0,0,0,0,0,0,1,0,1,0,0,1,1,0,0,1
1292,41,"Femme",40741,"Marié(e)",2,45,0,1,0,0,1,1,0,1,1,0,0,0,1,0,0,0,0,0
1293,80,"Femme",23319,"Veuf(ve)",1,28,1,0,0,0,0,0,0,0,1,0,0,0,0,1,0,0,0,1
1294,21,"Homme",16172,"Célibataire",0,13.5,0,1,0,0,0,0,0,1,0,0,0,0,0,0,0,0,0,0
1295,55,"-",58105,"Marié(e)",3,29.5,0,1,0,0,0,1,0,1,0,0,0,0,1,0,0,0,0,1
1296,74,"Femme",106253,"Marié(e)",0,27.5,0,1,0,0,0,0,1,1,0,1,1,0,1,0,0,0,0,0
1297,55,"Homme",245115,"Veuf(ve)",1,79.5,1,1,1,1,0,0,1,1,1,0,0,1,0,1,1,1,0,1
1298,27,"Homme",21568,"Célibataire",0,26,1,0,0,0,0,0,0,1,0,0,0,0,0,0,1,0,0,0
1299,25,"Homme",22186,"Célibataire",0,23,0,0,0,0,1,0,0,1,0,0,0,0,0,0,1,0,0,0
1300,61,"Femme",161907,"Marié(e)",2,35.5,0,0,0,0,0,0,1,0,0,1,0,0,0,0,0,0,1,1
1301,49,"Femme",39687,"Célibataire",0,13.5,0,0,0,1,0,0,0,0,0,0,0,1,0,1,0,0,0,0
1302,28,"Femme",223151,"Veuf(ve)",0,81,1,1,0,1,0,1,1,1,0,1,1,0,1,0,1,0,1,1
1303,41,"Femme",34915,"Marié(e)",2,35,0,0,1,0,0,1,0,0,0,0,0,1,1,0,0,0,0,1
1304,65,"Femme",32458,"Marié(e)",0,44,0,0,0,1,0,0,0,0,0,0,1,0,1,1,0,0,0,1
1305,44,"Homme",218719,"Marié(e)",0,10.5,0,0,0,0,0,0,1,0,0,1,0,0,0,0,0,1,1,0
1306,39,"Femme",35104,"Marié(e)",3,30,0,0,0,0,0,1,0,1,0,0,0,0,1,0,1,0,0,0
1307,77,"Homme",25335,"Veuf(ve)",0,31.5,0,0,0,1,0,0,0,0,1,0,1,0,1,1,0,0,0,0
1308,76,"Homme",21591,"Marié(e)",1,39.5,1,0,0,1,0,0,0,0,1,0,1,0,0,0,0,0,0,1
1309,80,"Homme",34250,"Veuf(ve)",1,18,0,0,0,0,0,0,0,0,1,0,0,0,0,1,0,0,0,1
1310,72,"Femme",23705,"Veuf(ve)",0,30,0,0,0,0,0,0,0,0,1,0,1,0,0,1,0,0,0,1
1311,48,"Femme",17590,"Célibataire",0,11,0,0,0,1,0,0,0,0,0,0,0,1,0,1,0,0,0,1
1312,44,"Femme",41258,"Marié(e)",2,23.5,0,1,0,0,1,1,0,0,0,0,0,1,1,0,0,0,0,0
1313,54,"Femme",58673,"Célibataire",1,30,0,0,0,1,0,0,0,1,0,1,0,1,0,1,0,0,0,0
1314,72,"Femme",25619,"Marié(e)",0,60.5,0,0,0,0,0,0,0,1,1,0,1,0,0,1,1,0,0,1
1315,20,"Homme",20235,"Célibataire",0,29,0,0,0,0,0,0,0,1,0,0,0,0,0,0,1,1,0,0
1316,80,"Homme",26793,"Veuf(ve)",0,34,0,0,0,0,0,0,0,0,1,0,1,0,0,1,0,0,0,1
1317,79,"Femme",21088,"Veuf(ve)",0,26,0,0,0,0,1,0,0,0,1,1,1,0,0,1,0,0,0,1
1318,40,"Homme",31363,"Marié(e)",3,30.5,1,1,0,0,1,1,0,0,0,0,0,0,1,0,1,0,0,0
1319,42,"Homme",54538,"Marié(e)",3,28.5,0,0,0,0,0,1,0,0,0,0,0,1,1,0,0,0,0,0
1320,69,"Homme",29145,"Veuf(ve)",0,43,0,0,0,0,0,1,0,0,1,0,1,0,0,1,0,1,0,1
1321,26,"Femme",29136,"Célibataire",0,30,1,0,0,1,0,0,0,0,0,0,0,0,0,1,0,0,0,0
1322,52,"Femme",44840,"Célibataire",0,38.5,0,1,0,1,0,0,0,0,0,0,0,1,0,1,0,0,0,0
1323,29,"Homme",26487,"Célibataire",0,6,0,0,0,0,0,0,0,1,0,0,0,0,0,0,1,0,0,0
1324,40,"Femme",44522,"Marié(e)",3,36,0,1,0,0,1,1,0,0,0,0,0,0,1,0,0,0,0,0
1325,51,"Homme",200781,"Célibataire",2,25,0,0,0,0,0,0,1,0,0,1,0,0,0,0,0,1,1,0
1326,23,"Homme",28764,"Célibataire",0,20.5,0,0,0,0,1,0,0,0,0,0,0,0,1,0,1,1,0,0
1327,43,"Homme",40854,"Marié(e)",3,40,0,1,1,1,1,1,0,0,0,0,0,0,0,1,0,0,0,0
1328,65,"Femme",20206,"Marié(e)",0,30,0,0,0,0,0,0,0,0,1,0,1,0,0,1,0,0,0,1
1329,52,"Femme",168988,"Marié(e)",1,36.5,0,0,1,0,1,0,1,0,0,1,0,1,0,0,0,0,1,0
1330,42,"Femme",45924,"Marié(e)",2,3,0,0,0,0,0,1,0,0,0,0,0,0,0,0,0,0,0,0
1331,67,"Homme",23220,"Marié(e)",0,45,0,0,0,0,0,0,0,0,1,0,0,0,0,1,0,0,0,1
1332,50,"Femme",48957,"Célibataire",0,34.5,0,0,0,1,0,0,1,0,0,0,0,1,0,1,0,0,0,1
1333,50,"Homme",44263,"Marié(e)",3,23.5,1,1,0,0,1,1,0,0,0,0,0,0,1,0,0,0,0,0
1334,20,"Homme",20449,"Célibataire",0,27.5,0,0,0,0,0,0,0,1,0,0,0,0,0,0,1,1,0,0
1335,60,"Femme",134564,"Célibataire",0,63.5,0,0,1,1,0,0,1,0,0,1,0,0,0,0,0,1,1,1
1336,48,"Femme",59217,"Célibataire",0,17.5,0,0,0,0,0,0,0,0,0,0,0,1,1,1,0,0,0,0
1337,68,"Homme",29659,"Veuf(ve)",1,14,0,0,0,0,0,0,0,0,1,0,1,0,0,1,0,0,0,0
1338,67,"Homme",19583,"Veuf(ve)",0,33,0,0,0,0,0,0,0,0,1,0,1,0,0,1,1,0,0,1
1339,28,"Homme",23460,"Célibataire",0,36,1,0,0,0,0,0,0,1,0,1,0,0,0,0,1,0,0,1
1340,53,"Homme",35473,"Marié(e)",3,47.5,0,1,0,0,1,1,0,0,0,0,0,0,1,0,0,1,0,0
1341,42,"Homme",54852,"Marié(e)",2,57,0,0,0,1,1,0,0,0,1,0,0,0,1,0,0,0,0,0
1342,23,"Homme",26865,"Célibataire",0,36.5,0,0,0,0,0,0,1,1,0,0,0,0,1,0,1,1,0,1
1343,78,"Homme",25382,"Veuf(ve)",1,12,0,0,0,0,0,0,0,0,1,0,1,0,0,1,1,0,0,1
1344,57,"Femme",36758,"Célibataire",1,42.5,0,0,0,1,0,0,0,0,0,0,0,1,1,1,0,0,0,0
1345,39,"Femme",40147,"Marié(e)",3,8,0,0,0,0,1,1,0,0,0,0,0,0,1,0,0,0,0,0
1346,69,"Femme",21539,"Marié(e)",0,55,0,1,0,0,0,0,0,0,1,0,1,0,0,1,1,0,0,1
1347,49,"Femme",56073,"Marié(e)",3,27,0,1,0,0,1,1,0,0,0,0,0,0,1,0,0,0,0,0
1348,57,"Femme",188448,"Veuf(ve)",3,100,1,1,1,1,1,1,1,1,1,0,1,1,1,1,1,1,1,0
1349,37,"Homme",221471,"Célibataire",1,13,0,0,1,0,0,0,1,0,0,0,0,0,0,0,0,0,1,0
1350,26,"Homme",29338,"Célibataire",0,25.5,0,0,1,0,0,0,0,1,0,0,0,0,0,0,1,1,1,0
1351,75,"Homme",18900,"Marié(e)",0,22.5,0,0,1,0,0,0,0,0,0,1,1,0,0,1,0,0,0,1
1352,43,"Femme",15067,"Célibataire",0,8,0,0,0,1,0,0,0,0,0,0,0,1,0,0,0,0,0,0
1353,44,"Homme",33019,"Marié(e)",2,29.5,1,1,0,0,1,1,0,0,0,0,0,0,1,1,0,0,0,1
1354,21,"Homme",18050,"Célibataire",0,48,0,0,0,0,0,1,1,0,0,0,0,0,0,0,1,1,0,0
1355,20,"Homme",26664,"Célibataire",0,36.5,0,0,0,0,0,0,0,1,0,0,0,1,0,0,1,1,0,1
1356,52,"Femme",50217,"Marié(e)",2,27,0,1,0,0,1,1,0,0,0,0,0,0,0,0,0,0,0,0
1357,54,"Homme",174180,"Marié(e)",0,35,0,0,1,0,0,0,0,0,1,0,0,0,1,1,0,0,1,0
1358,49,"Homme",201472,"Marié(e)",1,12,0,0,1,0,0,0,1,0,0,1,0,0,0,0,0,0,1,0
1359,73,"Femme",28413,"Marié(e)",1,44.5,0,0,0,0,0,0,0,0,1,1,1,0,0,1,0,0,1,1
1360,79,"Femme",29085,"Veuf(ve)",0,49.5,1,0,0,0,0,1,0,0,1,0,0,0,1,1,0,0,0,1
1361,71,"Homme",19087,"Veuf(ve)",1,10,0,0,0,0,0,1,0,0,1,0,1,0,0,0,0,0,0,1
1362,18,"Homme",26154,"Célibataire",0,11,0,0,0,0,0,0,0,1,0,0,0,0,0,0,1,1,0,0
1363,45,"Femme",243581,"Marié(e)",2,19,0,0,1,0,0,0,0,0,0,1,0,0,0,0,1,0,0,0
1364,72,"Femme",30026,"Veuf(ve)",1,26.5,0,0,0,0,0,0,0,0,0,0,1,0,0,1,0,0,0,1
1365,80,"Homme",32959,"Veuf(ve)",0,41,1,0,0,0,0,0,0,0,1,0,1,0,0,0,0,0,1,0
1366,49,"Femme",55332,"Marié(e)",2,21,0,1,0,0,1,1,0,0,0,0,0,0,1,0,0,0,0,0
1367,43,"Homme",38097,"Marié(e)",3,15.5,0,1,0,0,1,1,0,0,0,0,0,1,0,0,0,0,0,0
1368,19,"Homme",18129,"Célibataire",0,18.5,0,0,0,0,0,0,0,1,0,0,0,0,0,0,1,1,0,0
1369,76,"Homme",22399,"Veuf(ve)",0,48.5,0,0,0,0,0,0,0,1,1,1,1,0,0,1,0,0,0,1
1370,71,"Homme",24022,"Marié(e)",1,26.5,0,0,0,0,0,0,0,0,0,1,1,0,0,1,0,0,0,1
1371,68,"Homme",26763,"Veuf(ve)",1,22,0,0,0,1,0,0,0,0,0,0,1,0,1,1,1,0,0,1
1372,26,"Femme",215578,"Marié(e)",3,37,1,1,0,0,0,1,0,0,0,1,1,1,0,0,1,0,1,0
1373,23,"Homme",21328,"Célibataire",0,24,0,0,0,0,0,0,0,1,0,0,0,0,1,0,0,1,0,1
1374,32,"Femme",25332,"Célibataire",0,38,0,0,1,1,0,0,0,0,0,1,0,1,1,1,0,0,0,0
1375,50,"Femme",55523,"Marié(e)",2,35.5,0,1,0,0,1,1,0,0,0,0,0,0,1,0,0,0,0,0
1376,70,"Homme",33466,"Veuf(ve)",0,44.5,0,0,0,0,0,0,0,0,1,0,1,1,0,1,0,0,0,1
1377,21,"Homme",15450,"Célibataire",0,24,0,1,0,0,0,0,1,1,0,0,1,0,0,0,1,0,0,0
1378,56,"Homme",157895,"Célibataire",0,12,0,0,1,0,0,0,1,0,0,0,0,0,0,0,0,0,1,0
1379,80,"Homme",20962,"Marié(e)",1,19,0,0,0,0,0,0,0,1,1,0,1,0,0,0,1,0,0,1
1380,47,"Homme",55779,"Marié(e)",2,19.5,0,1,0,0,1,1,0,0,0,0,0,0,1,0,0,0,0,0
1381,18,"Homme",23928,"Célibataire",0,35.5,0,1,0,0,1,0,1,1,0,0,0,0,0,0,1,0,0,0
1382,73,"Femme",29079,"Veuf(ve)",1,30,0,0,0,0,0,0,0,0,1,0,1,0,0,1,0,0,0,1
1383,24,"Homme",19249,"Célibataire",0,31.5,0,1,0,0,0,0,0,1,0,0,0,0,0,0,1,1,0,0
1384,74,"Homme",23156,"Marié(e)",0,23,0,0,0,0,0,0,0,0,1,0,1,0,0,1,0,0,0,1
1385,32,"Femme",54241,"Célibataire",0,15,0,0,0,1,0,0,0,0,0,0,0,1,0,1,0,0,0,0
1386,46,"Femme",44593,"Marié(e)",2,15.5,0,1,0,0,1,0,0,0,0,1,0,0,0,0,0,0,0,0
1387,26,"Homme",15829,"Célibataire",0,44,0,0,0,0,0,0,1,1,1,0,0,0,0,0,1,1,0,0
1388,42,"Homme",49020,"Marié(e)",2,20.5,0,0,0,1,1,1,0,0,0,0,1,0,0,0,0,0,0,0
1389,37,"Femme",46823,"Célibataire",1,4.5,0,0,0,1,0,0,0,0,0,0,0,0,0,0,0,0,0,1
1390,48,"Femme",50633,"Marié(e)",3,6,0,0,0,0,1,0,0,0,1,0,0,0,0,0,0,0,0,0
1391,50,"Femme",46787,"Marié(e)",2,33,0,1,0,0,1,1,0,0,0,0,0,0,0,1,0,0,0,0
1392,26,"Homme",23378,"Célibataire",0,46,0,0,0,0,0,0,1,1,0,0,0,0,1,0,1,1,0,0
1393,55,"Femme",54147,"Marié(e)",2,38.5,0,1,0,0,0,1,0,0,0,1,0,0,1,0,1,0,0,0
1394,50,"Femme",154939,"Marié(e)",0,5.5,0,0,0,0,0,0,1,0,0,0,0,0,0,0,0,0,1,0
1395,74,"Femme",23681,"Veuf(ve)",1,40.5,1,0,0,0,0,0,0,0,1,0,1,0,0,1,0,0,0,1
1396,42,"Femme",32776,"Marié(e)",3,20.5,0,0,0,0,1,1,0,1,0,0,0,0,0,0,0,1,0,0
1397,41,"Femme",15677,"Célibataire",0,18,0,0,0,0,0,0,0,0,0,0,0,1,0,0,0,0,0,0
1398,56,"Femme",180070,"Célibataire",2,72,0,0,1,1,0,0,1,0,1,0,0,0,1,0,0,1,0,1
1399,21,"Femme",59876,"Célibataire",1,24.5,0,0,0,1,0,0,0,0,0,0,0,1,0,0,0,0,1,1
1400,55,"Femme",23987,"Célibataire",0,33.5,0,0,0,0,0,0,0,0,0,0,1,1,0,0,0,0,0,1
1401,23,"Homme",22125,"Célibataire",0,24,0,0,0,0,0,0,1,1,0,0,0,0,1,0,1,1,0,0
1402,76,"Femme",31798,"Marié(e)",0,18,0,0,0,0,0,0,0,0,1,0,1,0,0,0,0,0,0,1
1403,31,"Femme",217084,"Célibataire",3,37.5,1,0,1,1,0,0,0,1,0,0,0,1,1,0,1,1,0,0
1404,73,"Homme",32672,"Marié(e)",0,30.5,0,0,0,0,0,0,0,0,0,0,1,0,1,1,0,0,0,1
1405,18,"Homme",29901,"Célibataire",0,23,1,0,0,0,0,0,0,1,0,0,0,0,0,0,0,1,0,0
1406,42,"Femme",56086,"Marié(e)",2,32,0,1,1,0,1,1,1,0,0,1,0,0,1,0,0,0,0,0
1407,65,"Homme",141876,"Célibataire",0,57,0,0,0,0,0,0,1,0,0,0,0,1,0,0,0,1,1,0
1408,53,"Femme",49676,"Célibataire",0,14,0,0,0,1,0,0,0,0,0,0,0,1,0,0,0,0,0,0
1409,20,"Homme",27492,"Célibataire",0,39.5,0,0,0,0,0,0,0,1,1,0,0,1,0,1,1,1,0,0
1410,70,"Femme",30808,"Marié(e)",0,13,0,0,0,0,0,0,0,0,1,0,1,0,0,1,0,0,0,1
1411,74,"Femme",27911,"Veuf(ve)",0,38.5,0,0,0,0,0,1,0,0,1,0,1,0,0,1,0,1,0,0
1412,50,"Homme",153220,"Célibataire",0,49,0,0,1,0,1,0,1,0,0,0,0,0,0,1,0,0,1,0
1413,37,"Homme",50747,"Marié(e)",2,44,0,1,0,0,1,1,1,0,0,0,0,0,1,0,0,1,0,0
1414,25,"Homme",29260,"Célibataire",0,33.5,0,0,0,0,0,0,1,1,0,0,0,0,1,0,1,1,0,0
1415,80,"Femme",21996,"Veuf(ve)",1,21,0,0,0,0,0,0,0,0,1,0,0,0,1,0,0,1,0,1
1416,26,"Homme",175136,"Célibataire",2,45.5,0,1,0,0,1,0,0,0,1,0,1,0,1,0,1,0,0,1
1417,28,"Femme",20447,"Célibataire",1,43,0,1,0,1,0,0,1,0,0,0,0,1,0,1,0,0,0,0
1418,70,"Homme",28011,"Veuf(ve)",0,30.5,1,0,0,0,0,0,0,0,0,0,1,0,0,1,0,0,0,1
1419,22,"Homme",22356,"Célibataire",0,10.5,0,0,0,0,0,0,0,1,0,0,0,0,0,0,0,1,0,0
1420,48,"Femme",49352,"Célibataire",0,8,0,0,0,1,0,0,0,0,0,0,0,0,0,1,0,0,0,0
1421,72,"Homme",32337,"Veuf(ve)",0,47.5,0,0,0,1,0,0,0,0,1,0,1,0,0,0,1,0,1,1
1422,61,"Homme",209881,"Marié(e)",2,17.5,0,0,0,0,0,0,1,0,0,1,0,0,0,0,0,0,1,0
1423,65,"Femme",28056,"Veuf(ve)",0,31,1,0,0,0,1,0,0,0,1,0,0,0,0,1,0,0,0,1
1424,26,"Femme",47210,"Célibataire",0,32.5,0,0,0,1,0,0,0,0,0,0,0,1,0,1,1,0,0,1
1425,27,"Homme",18739,"Célibataire",0,25,0,1,0,0,0,0,0,0,0,0,0,0,0,0,1,1,0,0
1426,47,"Femme",233750,"Marié(e)",1,70,0,1,0,0,1,0,1,0,0,0,1,1,1,0,0,1,0,1
1427,39,"Femme",31173,"Marié(e)",2,29,0,0,0,0,1,1,0,0,0,0,0,0,1,0,0,0,0,0
1428,18,"Homme",28970,"Célibataire",0,2.5,0,0,0,0,0,0,0,1,0,0,0,0,0,0,0,0,0,0
1429,47,"Homme",37226,"Marié(e)",3,47,0,1,0,0,0,1,0,0,0,1,1,0,1,1,0,0,0,0
1430,38,"Femme",31468,"Célibataire",0,24,0,0,0,1,0,0,0,0,0,0,0,0,0,1,0,0,0,0
1431,27,"Homme",17489,"Célibataire",0,34,0,0,0,1,0,0,0,1,0,0,1,0,0,0,1,1,0,0
1432,65,"Femme",19906,"Veuf(ve)",1,23.5,0,0,1,0,0,0,0,0,1,0,1,0,0,1,0,0,0,1
1433,72,"Femme",199835,"Veuf(ve)",1,72.5,1,0,0,1,1,0,1,1,1,1,1,1,0,1,0,1,0,0
1434,76,"Homme",134501,"Célibataire",2,55.5,0,1,0,1,0,0,1,1,0,0,0,1,0,1,1,1,1,0
1435,24,"Homme",27531,"Célibataire",0,6.5,0,0,0,0,0,0,0,1,0,0,0,0,0,0,1,0,0,0
1436,37,"Femme",154461,"Célibataire",2,30.5,0,0,1,0,0,0,1,0,0,1,0,0,1,0,0,0,1,0
1437,79,"Femme",28459,"Veuf(ve)",0,53,0,0,0,0,1,1,0,0,1,1,1,0,0,1,0,0,0,1
1438,35,"Homme",37842,"Marié(e)",2,18,0,1,0,0,1,0,0,0,0,0,0,0,1,0,0,0,0,0
1439,65,"Femme",24985,"Marié(e)",1,38,0,0,0,0,0,0,0,0,1,0,1,0,0,0,0,0,0,1
1440,24,"Homme",27100,"Célibataire",0,16,0,0,0,1,0,0,0,0,0,0,0,0,0,0,1,0,0,0
1441,76,"Homme",19253,"Marié(e)",0,49.5,0,0,0,0,0,0,0,1,1,0,1,0,0,1,0,1,0,1
1442,25,"Homme",29584,"Célibataire",0,3.5,0,0,0,0,0,0,0,0,0,0,0,0,0,0,1,0,0,0
1443,47,"Femme",22515,"Célibataire",0,26.5,0,0,0,1,0,1,0,1,0,0,0,1,0,0,0,0,0,0
1444,43,"Femme",46321,"Marié(e)",3,26.5,0,1,0,0,0,1,0,0,0,0,0,0,1,0,1,0,0,1
1445,26,"Homme",27362,"Célibataire",0,14,0,0,0,0,0,0,0,1,0,0,0,0,0,0,0,1,0,0
1446,80,"Femme",27358,"Veuf(ve)",0,13,0,0,0,0,0,0,0,0,1,0,1,0,0,1,0,0,0,1
1447,27,"Homme",18188,"Célibataire",0,14,0,0,0,0,0,0,0,0,0,0,0,0,0,0,1,1,0,0
1448,43,"Femme",48539,"Célibataire",0,30,0,0,0,1,0,0,0,0,0,0,0,1,0,1,0,1,0,0
1449,21,"Homme",28165,"Célibataire",0,8,0,0,0,0,0,0,0,1,0,0,0,0,0,0,1,1,0,0
1450,65,"Femme",25440,"Veuf(ve)",1,19.5,0,0,0,0,0,0,0,0,1,0,1,0,0,1,0,0,0,1
1451,33,"Femme",25222,"Célibataire",1,77.5,1,1,1,0,1,1,0,1,1,0,0,1,0,1,0,1,1,0
1452,45,"Homme",50407,"Marié(e)",3,46.5,0,1,0,1,1,0,0,0,0,0,0,1,1,0,0,0,0,0
1453,19,"Homme",23953,"Célibataire",0,13,0,0,0,0,0,0,0,0,0,0,0,0,0,0,1,1,0,0
1454,43,"Homme",40580,"Marié(e)",2,33.5,0,1,0,0,1,1,0,0,0,0,0,0,1,1,0,0,0,0
1455,53,"Femme",18399,"Célibataire",1,8,0,0,0,1,1,0,0,0,0,0,0,1,0,0,0,0,0,0
1456,27,"Homme",26987,"Célibataire",0,24.5,0,0,0,0,0,0,0,1,0,0,1,0,0,0,0,1,0,0
1457,26,"Homme",18163,"Célibataire",0,24.5,0,0,1,0,1,0,0,1,0,0,0,0,0,0,1,1,0,0
1458,37,"Femme",41517,"Célibataire",0,27,1,0,1,1,1,0,0,0,0,0,0,1,0,1,0,0,0,0
1459,64,"Homme",148378,"Célibataire",0,41,0,0,0,0,0,0,1,0,0,0,0,0,0,0,1,0,1,1
1460,50,"Homme",157193,"Célibataire",0,21.5,0,0,1,0,0,0,1,0,0,1,0,0,0,0,0,0,0,1
1461,68,"Homme",21944,"Marié(e)",1,44,0,0,0,0,0,0,1,1,1,0,1,0,0,1,0,0,0,0
1462,41,"Femme",36482,"Marié(e)",3,9,0,1,0,0,0,1,0,0,0,0,0,0,0,0,0,0,0,0
1463,39,"Femme",236388,"Marié(e)",1,18,0,0,0,0,0,0,1,0,0,1,0,0,0,0,0,0,1,0
1464,73,"Femme",23892,"Marié(e)",0,24,0,0,0,0,0,0,0,0,1,0,1,1,0,1,0,0,0,1
1465,65,"Homme",220747,"Célibataire",2,23.5,0,1,1,0,0,0,1,0,0,1,0,0,0,0,0,0,1,0
1466,65,"Homme",177992,"Célibataire",1,27,0,0,1,0,0,0,1,0,1,1,0,0,0,0,1,0,1,0
1467,23,"Femme",47532,"Célibataire",1,20,0,0,0,1,0,0,1,0,0,0,0,0,0,0,0,0,0,0
1468,25,"Homme",24974,"Célibataire",0,37,0,1,0,1,0,0,0,1,1,0,0,0,0,0,1,1,0,0
1469,76,"Homme",23358,"Marié(e)",0,12,0,0,0,0,0,1,0,0,1,0,1,0,0,1,0,0,0,1
1470,77,"Homme",28502,"Veuf(ve)",1,26,0,0,0,0,0,0,0,0,1,0,1,0,0,0,0,0,0,1
1471,37,"Femme",37076,"Marié(e)",3,22,0,1,0,0,0,1,0,0,0,0,0,0,0,0,0,0,0,0
1472,78,"Homme",231106,"Célibataire",3,66.5,1,1,0,1,1,0,1,0,1,1,1,0,0,0,0,1,0,1
1473,80,"Femme",26887,"Marié(e)",0,32,0,0,0,1,0,0,0,0,1,0,1,0,0,1,0,0,1,1
1474,18,"Homme",22396,"Célibataire",0,10,0,0,0,0,0,0,0,1,0,0,0,0,0,0,1,0,1,0
1475,71,"Homme",33927,"Veuf(ve)",0,47,0,0,0,0,0,0,0,0,1,0,1,0,0,1,0,0,0,1
1476,20,"Homme",15636,"Célibataire",0,40,0,0,0,1,0,0,0,1,1,0,0,0,0,0,1,0,0,0
1477,69,"Femme",24565,"Veuf(ve)",0,18.5,0,0,0,0,0,0,0,0,0,0,0,1,0,1,0,0,0,1
1478,43,"Femme",36883,"Marié(e)",2,19.5,1,0,0,0,1,0,0,0,0,0,1,0,1,0,0,0,0,0
1479,36,"Femme",144298,"Célibataire",0,45,0,0,1,0,0,0,1,0,0,1,1,0,0,0,0,0,1,0
1480,54,"Homme",32401,"Marié(e)",2,37.5,0,0,0,0,0,1,0,0,1,0,0,0,1,0,0,1,0,0
1481,19,"Femme",21673,"Célibataire",0,10,0,0,0,1,0,0,0,0,0,0,0,0,0,0,0,0,0,1
1482,69,"Femme",26022,"Marié(e)",1,33,0,0,0,0,0,1,0,0,1,0,1,0,0,1,0,0,0,1
1483,27,"Homme",24105,"Célibataire",0,12,0,0,0,0,0,0,0,1,0,0,0,1,0,0,0,1,0,0
1484,35,"Femme",30944,"Marié(e)",3,51.5,0,1,1,0,1,1,0,0,0,0,0,0,1,0,0,0,1,0
1485,21,"Homme",27419,"Célibataire",0,22,0,0,0,1,0,0,1,0,0,0,0,0,0,0,1,0,0,0
1486,26,"Homme",16913,"Célibataire",0,10.5,0,0,0,0,0,0,0,1,0,0,0,0,0,0,1,1,0,0
1487,18,"Homme",19913,"Célibataire",0,17,0,0,0,0,0,0,0,1,0,1,0,0,0,0,0,0,0,0
1488,36,"Homme",122331,"Célibataire",2,48.5,1,1,0,1,1,1,0,1,1,1,0,0,0,0,0,1,1,0
1489,79,"Femme",25701,"Veuf(ve)",1,52,0,0,0,0,0,0,0,0,1,0,1,1,0,1,1,0,0,1
1490,41,"Femme",34952,"Célibataire",1,40,0,1,1,0,0,0,0,0,0,0,0,1,0,0,0,0,0,0
1491,72,"Homme",201064,"Marié(e)",3,44.5,0,0,0,1,0,1,1,1,0,0,0,0,1,1,1,0,1,0
1492,19,"Homme",27400,"Célibataire",0,25.5,0,0,0,0,0,0,0,1,1,0,0,0,0,0,1,1,0,1
1493,77,"Femme",27723,"Marié(e)",0,59,0,0,0,0,1,0,0,1,1,0,1,0,0,1,0,0,0,1
1494,70,"Femme",30869,"Veuf(ve)",1,58,0,1,0,1,0,0,0,0,1,0,1,0,1,1,0,0,0,1
1495,20,"Homme",22026,"Célibataire",0,34.5,0,0,0,0,0,0,1,1,0,0,0,0,0,1,1,1,0,0
1496,45,"Homme",223738,"Marié(e)",2,41,0,0,1,1,0,1,1,0,0,1,0,0,1,0,0,0,1,0
1497,77,"Homme",51108,"Célibataire",3,80.5,0,0,0,0,1,1,0,1,1,1,1,1,1,1,0,1,1,0
1498,57,"Femme",22318,"Célibataire",0,17.5,0,0,0,1,0,0,0,0,0,0,0,1,0,1,0,0,0,0
1499,35,"Femme",30541,"Célibataire",0,43,0,0,1,1,0,1,0,0,0,0,0,1,0,0,0,1,0,0
1500,25,"Homme",29573,"Célibataire",0,40,0,1,0,1,0,0,0,1,0,0,0,1,0,0,1,0,0,0
1501,79,"Femme",43744,"Célibataire",2,94,0,1,1,1,1,1,0,0,1,1,1,0,1,1,1,0,1,0
1502,19,"Homme",29910,"Célibataire",0,9,0,0,1,0,0,0,0,1,0,0,0,0,0,0,0,1,0,0
1503,68,"Femme",33764,"Veuf(ve)",0,59,0,0,0,1,0,0,0,0,1,0,1,1,0,1,0,0,0,1
1504,78,"Homme",33302,"Veuf(ve)",1,19.5,0,0,0,0,0,0,0,0,1,0,1,0,0,1,0,0,0,1
1505,45,"Femme",50717,"Célibataire",1,38.5,0,0,1,1,0,0,0,0,1,0,0,0,0,1,0,1,0,0
1506,50,"Homme",49132,"Marié(e)",2,9.5,0,1,0,0,1,1,0,0,0,0,0,0,0,0,0,0,0,0
1507,27,"Homme",221683,"Veuf(ve)",0,38,1,1,0,0,0,0,0,1,0,1,0,0,0,0,0,1,1,0
1508,43,"Homme",57558,"Marié(e)",3,8,0,0,0,0,1,1,0,0,0,0,0,0,0,0,0,0,0,0
1509,47,"Femme",40265,"Marié(e)",3,29,0,1,0,1,1,1,0,0,0,0,0,0,1,0,0,0,0,0
1510,25,"Homme",19320,"Célibataire",0,21.5,0,0,0,0,0,0,0,1,1,0,0,0,0,0,1,1,0,0
1511,65,"Femme",21609,"Marié(e)",1,50,0,0,0,0,0,0,0,0,1,0,1,0,0,1,0,0,1,1
1512,37,"Homme",52975,"Marié(e)",2,21,0,1,0,0,0,1,0,0,0,0,1,0,1,0,0,0,0,0
1513,46,"Femme",247182,"Marié(e)",1,33.5,0,0,1,0,0,0,1,0,0,1,0,1,0,1,0,0,1,0
1514,75,"Femme",40996,"Marié(e)",3,39.5,0,0,0,1,0,0,0,0,0,0,1,1,0,1,1,1,0,1
1515,80,"Homme",25412,"Veuf(ve)",0,28,0,0,0,0,0,1,0,0,1,0,1,1,0,1,0,0,0,1
1516,45,"Homme",49600,"Marié(e)",3,25,0,1,0,0,0,1,0,0,0,0,1,0,1,0,0,0,0,0
1517,37,"Femme",51800,"Célibataire",0,13.5,0,0,0,1,0,0,0,0,0,0,0,1,0,1,0,0,0,0
1518,45,"Femme",195427,"Marié(e)",1,30,0,0,1,0,0,0,1,0,0,1,0,0,0,1,0,0,0,0
1519,76,"Femme",29708,"Marié(e)",1,28.5,0,0,0,0,0,0,0,0,1,0,1,0,0,1,0,0,0,1
1520,69,"Homme",29442,"Veuf(ve)",1,39.5,0,0,1,0,0,0,0,0,0,0,1,0,0,1,0,0,0,1
1521,27,"Homme",15330,"Célibataire",0,6,0,0,0,0,0,0,0,1,0,0,0,0,0,0,1,0,0,0
1522,65,"Homme",33529,"Marié(e)",0,44.5,0,0,0,0,0,0,1,0,0,0,1,0,1,1,0,0,1,1
1523,65,"Homme",31496,"Marié(e)",1,18,1,0,0,0,0,0,0,0,1,0,1,0,0,1,0,0,0,1
1524,53,"Femme",42584,"Marié(e)",3,16.5,0,1,0,0,1,0,0,0,0,0,0,0,1,0,0,0,0,0
1525,38,"Femme",57657,"Marié(e)",3,38,0,1,0,0,1,1,0,0,0,0,0,1,1,0,0,0,0,0
1526,60,"Homme",191917,"Marié(e)",1,27.5,0,0,1,0,0,0,1,0,1,0,0,0,0,0,0,0,1,0
1527,80,"Homme",34094,"Marié(e)",0,43,0,1,0,0,0,0,0,0,1,0,1,0,0,1,1,0,0,1
1528,78,"Femme",23904,"Marié(e)",1,23,0,0,0,0,0,0,0,0,1,0,1,0,0,1,0,0,0,1
1529,79,"Homme",21323,"Marié(e)",1,52,0,1,0,0,0,0,0,1,1,0,1,0,0,1,0,0,0,1
1530,42,"Homme",225334,"Célibataire",2,13.5,0,0,0,0,0,0,1,0,0,1,0,0,0,0,0,0,0,0
1531,37,"Homme",182924,"Marié(e)",0,27,0,0,1,0,0,0,1,0,0,1,0,0,0,0,0,0,1,0
1532,48,"Homme",49346,"Marié(e)",2,47.5,0,1,0,0,1,1,0,1,0,0,0,0,0,0,0,0,0,1
1533,41,"Homme",47438,"Marié(e)",3,9.5,0,1,0,0,0,1,0,0,0,0,0,0,1,0,0,0,0,0
1534,800,"Homme",19463,"Célibataire",0,30,0,0,0,0,0,0,0,1,0,0,0,0,0,0,0,1,0,0
1535,18,"Femme",39553,"Célibataire",0,43.5,0,0,0,1,0,0,1,0,0,0,0,1,0,1,1,0,0,0
1536,38,"Homme",48167,"Marié(e)",3,30.5,0,1,0,0,1,1,0,0,0,0,0,0,1,0,0,0,0,0
1537,76,"Homme",22249,"Veuf(ve)",1,42.5,0,0,0,0,0,0,0,0,1,0,1,0,0,1,1,0,1,1
1538,43,"Homme",57867,"Marié(e)",2,25,0,1,0,0,0,1,0,0,0,0,0,0,1,0,0,0,0,0
1539,57,"Homme",198605,"Veuf(ve)",1,66,0,0,1,1,0,0,0,1,1,0,0,0,1,1,0,1,0,0
1540,46,"Femme",30324,"Marié(e)",2,36,0,1,0,0,1,1,0,0,0,0,0,0,1,0,0,0,0,0
1541,50,"Femme",36048,"Marié(e)",3,25.5,0,0,0,0,1,0,0,0,1,0,0,0,1,0,0,0,1,0
1542,20,"Homme",17874,"Célibataire",0,11,0,0,0,0,0,0,0,1,0,0,0,0,0,0,1,1,0,0
1543,29,"Homme",24152,"Célibataire",0,11.5,0,0,0,0,0,0,0,1,0,0,0,0,0,0,0,1,0,0
1544,53,"Femme",48889,"Marié(e)",2,34,0,1,0,0,1,1,0,0,0,0,0,0,1,0,0,0,0,1
1545,69,"Homme",32573,"Marié(e)",0,31,0,0,0,0,0,0,0,0,1,0,1,0,0,1,1,0,0,1
1546,24,"-",28588,"Célibataire",0,27,0,0,1,0,0,0,0,1,0,0,1,0,0,0,0,1,0,0
1547,26,"Homme",127896,"Célibataire",0,70,0,0,0,1,0,0,1,0,1,1,1,0,0,0,0,1,0,1
1548,74,"Homme",30970,"Veuf(ve)",0,40.5,0,0,0,0,0,1,0,0,1,0,1,0,0,1,0,0,1,0
1549,59,"Homme",111396,"Veuf(ve)",2,43,1,1,1,0,0,1,1,0,1,0,0,1,0,0,1,0,0,0
1550,76,"Femme",32350,"Veuf(ve)",0,37,0,0,0,1,0,0,0,0,1,0,1,0,0,1,0,0,0,1
1551,32,"Femme",49801,"Célibataire",0,49.5,0,1,0,1,1,0,1,0,0,0,0,1,0,1,0,0,0,0
1552,38,"Femme",56071,"Marié(e)",2,31.5,0,1,1,0,1,1,0,0,0,0,1,0,1,0,0,0,0,0
1553,55,"Homme",37792,"Marié(e)",3,38,0,1,0,0,1,1,0,0,0,0,0,0,1,0,0,0,0,0
1554,54,"Femme",43318,"Célibataire",0,15,0,0,0,0,0,0,0,0,0,0,0,1,0,1,0,0,0,0
1555,64,"Femme",144233,"Célibataire",0,37,0,0,1,0,0,0,0,0,0,1,0,0,0,1,0,0,1,0
1556,39,"Femme",44538,"Marié(e)",3,37,0,1,1,0,1,0,0,0,0,0,0,0,0,0,0,1,0,0
1557,24,"Homme",27176,"Célibataire",0,12,0,0,0,0,0,0,0,0,0,0,1,0,0,0,1,1,0,0
1558,44,"Homme",147827,"Marié(e)",2,45.5,0,0,1,1,0,0,1,0,0,1,0,0,0,0,1,0,1,0
1559,49,"Femme",22688,"Célibataire",1,17,0,1,0,1,0,0,0,0,0,0,0,0,0,1,0,0,0,0
1560,28,"Homme",28143,"Célibataire",0,24.5,1,0,0,0,0,0,0,1,0,0,0,0,1,0,1,1,0,0
1561,46,"Femme",24659,"Veuf(ve)",3,66.5,1,1,1,1,0,1,0,0,0,1,0,1,0,1,0,0,1,1
1562,42,"Homme",53170,"Marié(e)",3,30.5,0,1,0,0,1,1,0,0,0,0,0,0,1,0,0,0,0,0
1563,26,"Femme",88072,"Marié(e)",3,84,1,1,1,0,1,0,1,1,0,1,0,0,1,1,0,1,1,1
1564,79,"Femme",33581,"Marié(e)",0,23,0,0,0,0,0,0,0,0,1,0,1,0,0,1,0,0,0,1
1565,37,"Femme",51384,"Marié(e)",2,15.5,0,0,0,0,1,1,0,0,0,0,0,0,1,0,0,0,0,0
1566,22,"Homme",18811,"Célibataire",0,11,0,0,0,0,0,0,0,0,0,0,0,0,0,0,1,0,0,0
1567,53,"-",31659,"Marié(e)",2,8,0,0,0,0,0,1,0,0,0,0,0,0,0,0,0,0,0,0
1568,78,"Homme",29106,"Veuf(ve)",1,27.5,0,0,0,0,0,0,0,0,0,0,1,0,0,1,1,0,0,1
1569,44,"Femme",17736,"Célibataire",0,18.5,0,0,0,0,1,0,0,0,0,0,0,0,1,1,0,0,0,0
1570,42,"Homme",45709,"Marié(e)",3,20,0,1,0,0,0,1,0,0,0,0,0,0,1,0,0,0,0,0
1571,37,"Homme",134184,"Marié(e)",2,39.5,0,0,0,0,0,1,1,0,0,1,0,1,0,1,0,0,0,0
1572,51,"Homme",158652,"Célibataire",0,26.5,0,0,1,0,0,0,1,0,0,0,0,0,0,0,0,0,1,1
1573,74,"Femme",21264,"Veuf(ve)",1,42.5,0,0,0,0,0,0,0,0,1,0,1,0,0,1,1,0,1,1
1574,54,"Femme",49694,"Marié(e)",2,45,0,1,0,0,0,1,0,0,0,0,0,0,1,1,0,0,0,0
1575,70,"Homme",23396,"Marié(e)",1,40,0,0,0,0,0,0,1,0,1,0,1,0,0,1,0,0,0,1
1576,25,"Homme",25504,"Célibataire",0,14,0,0,0,0,0,0,0,0,0,1,0,0,0,0,0,1,0,0
1577,51,"Femme",38057,"Marié(e)",3,19,0,1,0,0,1,1,0,0,0,0,0,0,1,0,0,0,0,0
1578,46,"Femme",21667,"Célibataire",0,30,0,0,0,1,0,0,0,0,0,0,0,1,0,0,0,0,0,0
1579,19,"Homme",18754,"Célibataire",0,15.5,0,0,0,0,0,0,0,1,0,0,0,0,0,0,1,1,0,0
1580,23,"Femme",15599,"Célibataire",0,12.5,0,0,0,1,0,0,0,0,0,0,0,1,0,0,0,0,0,0
1581,42,"Homme",49951,"Marié(e)",3,27.5,0,1,0,0,1,1,0,0,0,0,0,0,0,0,0,1,0,0
1582,18,"Homme",20850,"Célibataire",0,41,1,0,0,0,0,0,0,1,0,0,0,0,0,0,1,1,1,0
1583,18,"Homme",18124,"Célibataire",0,2.5,0,0,0,0,0,0,0,0,0,0,0,0,0,0,1,0,0,0
1584,29,"Homme",21521,"Célibataire",0,23.5,0,0,0,1,0,0,0,1,0,0,0,0,0,0,1,1,0,0
1585,42,"Femme",20535,"Célibataire",1,15.5,0,0,0,1,0,0,0,0,0,0,0,1,0,1,0,0,0,0
1586,64,"Homme",54915,"Marié(e)",2,41,0,0,1,0,1,0,0,0,0,0,1,1,1,0,0,1,0,1
1587,37,"Femme",56860,"Célibataire",0,11.5,0,0,0,1,0,0,0,0,0,0,0,1,0,0,0,0,0,0
1588,64,"Femme",237950,"Veuf(ve)",3,90.5,1,1,1,0,1,1,1,1,0,1,1,0,0,0,1,1,1,0
1589,28,"Homme",20582,"Célibataire",0,36,0,0,0,0,0,0,0,1,0,0,0,0,0,0,1,1,1,1
1590,29,"Homme",23888,"Célibataire",0,32.5,0,0,0,0,0,0,0,1,0,0,0,0,0,0,1,1,0,0
1591,72,"Femme",24059,"Veuf(ve)",1,28.5,0,0,0,0,1,0,0,0,1,0,1,0,0,0,0,1,1,0
1592,67,"Femme",19877,"Marié(e)",0,41,0,0,0,0,0,0,0,0,1,0,1,0,0,1,0,0,0,1
1593,66,"Homme",20408,"Veuf(ve)",0,45,0,0,0,0,0,0,0,1,1,0,1,1,0,1,0,0,0,1
1594,73,"Homme",19690,"Marié(e)",1,16.5,0,0,0,0,0,0,0,0,0,0,1,0,0,1,0,0,0,1
1595,75,"Homme",26875,"Veuf(ve)",1,30,0,0,1,0,1,0,0,0,1,0,1,0,0,1,0,0,0,1
1596,66,"Homme",25701,"Marié(e)",1,39,0,0,0,0,1,0,0,0,1,0,1,0,0,1,1,1,0,1
1597,51,"Femme",194922,"Marié(e)",2,42.5,0,0,1,0,0,0,1,0,0,1,0,1,1,1,0,0,1,0
1598,77,"Femme",18696,"Veuf(ve)",0,52.5,0,1,0,0,0,0,0,0,1,0,1,0,1,1,0,0,0,1
1599,73,"Femme",24016,"Veuf(ve)",1,21.5,0,0,0,0,0,0,1,0,0,0,1,0,0,1,0,0,0,1
1600,37,"Femme",27652,"Célibataire",1,13.5,0,0,0,1,0,1,0,0,0,0,0,1,0,1,0,0,0,0
1601,27,"Femme",15711,"Célibataire",1,15,0,0,0,1,0,0,0,0,0,0,0,1,0,1,0,0,0,0
1602,25,"Homme",23618,"Célibataire",0,29.5,0,0,1,1,0,0,0,1,0,0,0,0,0,1,1,1,0,0
1603,52,"Femme",59786,"Marié(e)",2,17,0,0,0,0,0,1,0,0,0,0,0,0,1,0,0,0,0,0
1604,50,"Femme",39826,"Marié(e)",3,17.5,0,1,0,0,1,1,0,0,0,0,0,0,0,0,0,0,0,0
1605,74,"Homme",22258,"Veuf(ve)",1,16,0,0,0,0,0,0,0,0,1,0,1,0,0,1,0,0,0,1
1606,56,"Homme",231825,"Célibataire",1,28.5,0,0,1,0,0,0,1,0,1,1,0,0,0,0,0,0,0,0
1607,35,"Homme",159724,"Célibataire",0,18.5,0,0,1,0,0,0,0,0,1,1,0,0,1,0,0,0,1,0
1608,23,"Homme",15386,"Célibataire",0,32.5,0,0,0,0,0,0,0,1,0,0,0,0,0,0,1,1,0,0
1609,21,"Homme",28533,"Célibataire",0,25,1,0,0,0,0,0,0,1,0,0,0,0,0,0,1,0,1,0
1610,74,"Femme",26678,"Veuf(ve)",0,53.5,0,0,0,0,0,1,1,0,1,0,1,0,0,1,0,0,0,1
1611,41,"Femme",44009,"Marié(e)",2,12,0,1,0,0,0,1,0,0,0,0,0,0,0,0,1,0,0,0
1612,53,"Femme",59194,"Marié(e)",3,16,0,0,0,0,1,1,0,0,0,0,1,0,0,0,0,0,0,0
1613,70,"Homme",26535,"Veuf(ve)",1,9,0,0,0,0,0,0,1,0,1,0,0,0,0,0,0,0,0,1
1614,51,"Homme",56502,"Marié(e)",3,25.5,0,1,0,0,1,1,0,1,0,0,0,0,1,0,0,0,1,0
1615,29,"Homme",26250,"Célibataire",0,13.5,0,0,0,0,0,0,0,1,0,0,0,0,0,1,0,1,0,0
1616,55,"Femme",136742,"Marié(e)",2,34,0,1,0,0,0,0,1,0,0,0,0,0,0,0,0,0,1,0
1617,55,"Femme",31481,"Marié(e)",2,50,0,1,0,0,1,1,0,0,0,1,0,0,0,1,0,0,0,1
1618,19,"Homme",18305,"Célibataire",0,9,0,0,0,0,0,0,0,1,0,0,0,1,0,0,1,0,0,0
1619,43,"Homme",39053,"Marié(e)",2,37.5,0,1,0,0,1,1,0,0,0,1,0,0,1,0,0,1,0,0
1620,73,"Homme",26965,"Veuf(ve)",1,56.5,0,0,0,0,0,0,0,0,1,0,1,0,0,1,1,0,0,1
1621,53,"Femme",48364,"Marié(e)",3,12.5,0,1,0,0,1,1,0,0,0,0,0,0,0,0,0,0,0,0
1622,50,"Femme",39238,"Marié(e)",3,48,0,1,0,0,1,1,1,0,0,0,0,0,1,0,1,0,1,0
1623,35,"Femme",57668,"Marié(e)",2,17.5,0,1,0,0,1,1,0,0,0,0,0,0,1,0,0,0,0,0
1624,75,"Homme",28093,"Marié(e)",1,31,0,0,0,0,0,0,0,0,0,0,1,0,0,1,0,1,0,1
1625,40,"Femme",34346,"Marié(e)",2,38,0,1,0,0,1,1,0,0,0,0,0,0,1,0,0,0,0,0
1626,18,"Homme",27277,"Célibataire",0,33.5,0,0,0,0,0,0,0,1,0,0,0,1,0,0,1,0,0,0
1627,51,"Femme",32819,"Marié(e)",3,17.5,0,1,1,0,0,0,0,0,1,0,0,0,1,0,0,0,0,0
1628,47,"Homme",35119,"Marié(e)",2,34,0,0,0,0,1,1,0,0,0,0,0,0,1,0,0,0,0,0
1629,30,"Femme",59538,"Célibataire",1,55,0,0,0,1,0,0,0,0,0,0,0,1,1,1,0,0,1,0
1630,38,"Femme",42071,"Marié(e)",2,36,0,1,0,0,1,1,0,0,0,0,0,0,1,0,0,0,0,0
1631,27,"Homme",20057,"Célibataire",0,18,0,0,0,1,0,0,0,0,0,0,0,0,0,0,1,1,0,0
1632,49,"Femme",228307,"Célibataire",1,54,0,0,1,0,1,0,1,0,0,1,0,1,0,0,0,0,1,0
1633,18,"Homme",16015,"Célibataire",0,15.5,0,0,0,0,0,0,0,1,0,0,0,0,0,0,1,1,0,0
1634,47,"Homme",184262,"Marié(e)",0,34.5,1,0,1,0,0,0,1,0,0,1,0,0,1,0,0,0,1,0
1635,50,"Femme",33171,"Marié(e)",2,29,0,1,1,0,1,1,0,0,0,0,0,0,1,0,0,0,0,0
1636,47,"Homme",50982,"Marié(e)",2,13.5,0,0,0,0,1,1,0,0,0,0,0,1,1,0,0,0,0,0
1637,23,"Homme",24038,"Célibataire",0,17.5,1,0,0,0,0,0,0,1,0,0,0,0,0,0,1,0,0,0
1638,67,"Femme",121614,"Marié(e)",3,56,1,1,0,0,0,0,0,0,0,1,1,1,1,1,0,0,0,1
1639,44,"Femme",131192,"Marié(e)",1,27,0,0,1,0,0,0,1,0,0,1,0,0,0,0,0,0,1,0
1640,47,"Femme",55293,"Veuf(ve)",2,82,1,0,1,0,1,1,1,0,0,0,1,1,1,1,0,1,1,1
1641,513,"Femme",45100,"Marié(e)",2,31.5,0,1,0,0,1,1,0,0,1,0,0,0,1,0,0,0,1,0
1642,39,"Femme",15714,"Célibataire",0,20.5,1,0,0,1,0,0,0,0,0,0,0,1,0,1,0,0,0,0
1643,21,"-",47704,"Célibataire",0,22.5,0,1,0,1,0,0,0,0,0,0,0,1,0,1,0,0,0,0
1644,28,"Homme",18022,"Célibataire",0,43.5,0,0,0,0,0,0,0,1,0,0,0,1,0,0,1,1,0,0
1645,18,"Femme",59910,"Célibataire",0,20,0,0,0,1,0,0,0,0,0,1,0,1,0,0,0,0,0,0
1646,27,"Homme",23604,"Célibataire",0,29,0,0,0,0,0,1,0,1,0,1,0,0,0,0,1,0,1,0
1647,47,"Femme",32844,"Marié(e)",3,40,0,1,0,0,1,1,0,0,0,0,0,0,1,0,0,0,0,0
1648,21,"Homme",19547,"Célibataire",0,13.5,0,0,0,0,0,0,0,1,1,0,0,0,0,0,1,1,0,0
1649,48,"Homme",34192,"Célibataire",0,65.5,1,0,1,1,0,0,0,1,1,0,0,0,1,1,1,0,0,0
1650,66,"Femme",33029,"Veuf(ve)",0,25,0,1,0,0,0,0,0,0,0,1,1,0,0,1,0,0,0,1
1651,20,"Homme",22228,"Célibataire",0,13,0,0,0,0,0,0,0,0,0,0,0,0,0,0,1,1,0,0
1652,25,"Homme",26636,"Célibataire",0,19,0,0,0,0,0,0,0,1,0,0,0,0,0,0,1,1,0,0
1653,50,"Femme",55999,"Célibataire",1,16,0,0,0,1,0,0,0,0,0,0,1,1,0,0,0,0,0,0
1654,42,"Femme",41264,"Marié(e)",2,27.5,0,1,0,0,0,0,0,0,0,0,0,0,1,0,0,1,1,0
1655,53,"Homme",218581,"Marié(e)",0,33,0,0,1,0,0,0,1,0,0,0,0,1,0,0,0,0,1,1
1656,39,"Femme",91802,"Célibataire",1,73.5,0,0,0,1,0,1,1,1,0,1,1,0,0,1,1,1,0,1
1657,26,"Homme",15016,"Célibataire",0,31,0,1,0,0,0,0,0,1,0,0,0,0,0,0,1,1,0,0
1658,52,"Homme",35194,"Marié(e)",2,20.5,0,1,0,0,1,1,0,0,0,0,0,0,1,0,0,0,0,0
1659,33,"Femme",54059,"Célibataire",0,31.5,0,0,0,1,0,1,1,0,0,0,0,0,0,1,0,0,0,0
1660,51,"Homme",247408,"Célibataire",0,41,0,0,1,0,0,0,1,0,0,1,1,0,0,0,0,0,1,0
1661,60,"Homme",187550,"Marié(e)",2,4,0,0,0,0,0,0,0,1,0,0,0,0,0,0,0,0,1,0
1662,38,"Homme",44967,"Marié(e)",2,39,0,1,0,0,0,1,0,0,0,1,0,1,0,0,0,0,0,0
1663,18,"Homme",28605,"Célibataire",0,19.5,0,0,0,1,0,0,0,0,0,0,1,0,0,0,1,1,0,0
1664,27,"Homme",15689,"Célibataire",0,27,0,0,0,1,0,0,1,1,1,0,0,0,0,0,1,1,0,0
1665,59,"Homme",111027,"Célibataire",2,32,1,1,0,0,0,0,1,0,0,1,1,1,0,0,0,1,1,0
1666,23,"Femme",28837,"Célibataire",0,35,0,0,0,1,0,0,0,0,0,1,0,1,0,0,0,0,0,0
1667,39,"Femme",213131,"Célibataire",0,15,1,0,0,0,0,0,1,0,0,0,1,0,0,0,0,0,0,0
1668,48,"Femme",197489,"Célibataire",0,23,0,1,0,0,0,0,1,0,1,0,0,0,0,0,0,0,1,0
1669,64,"Femme",70558,"Veuf(ve)",0,62,0,1,0,1,0,0,1,0,0,0,1,0,0,1,1,1,0,0
1670,72,"Femme",29888,"Marié(e)",0,26.5,0,0,0,0,0,0,0,0,0,0,1,0,0,1,0,0,0,1
1671,76,"Femme",34047,"Veuf(ve)",0,22,0,0,0,0,0,0,0,0,1,0,1,0,0,1,0,0,0,1
1672,64,"Homme",138905,"Veuf(ve)",3,67.5,1,0,0,1,0,1,1,0,0,1,0,1,0,1,1,0,0,0
1673,64,"Homme",225051,"Célibataire",1,45,1,0,1,0,0,0,1,0,0,0,0,1,0,0,0,0,1,1
1674,46,"Femme",40682,"Marié(e)",3,31.5,0,1,0,0,1,1,0,0,0,1,0,0,1,0,0,0,0,0
1675,44,"Homme",158358,"Marié(e)",1,36,0,0,1,0,0,0,1,0,0,1,0,0,1,0,0,0,1,0
1676,20,"Homme",26352,"Célibataire",0,33,1,0,0,0,0,0,0,1,0,0,0,0,1,0,1,1,0,0
1677,68,"Homme",20492,"Veuf(ve)",0,28,0,1,0,0,1,0,0,0,1,0,1,0,0,1,0,0,0,1
1678,30,"Homme",35285,"Veuf(ve)",2,28,1,1,1,0,0,0,0,0,0,1,0,1,1,0,0,0,0,0
1679,55,"Femme",130148,"Veuf(ve)",3,35,1,1,0,0,1,0,0,1,1,1,0,0,1,1,0,0,0,0
1680,19,"Homme",29846,"Célibataire",0,34,0,1,1,0,0,0,0,0,0,0,0,0,0,0,1,0,0,0
1681,43,"Femme",55319,"Célibataire",0,30,0,0,0,1,0,0,0,0,0,1,0,0,0,1,0,0,0,0
1682,35,"Homme",128146,"Marié(e)",2,5.5,0,0,0,0,0,0,1,0,0,0,0,0,0,0,0,0,1,0
1683,64,"Femme",72184,"Célibataire",0,74.5,0,1,1,0,0,0,0,1,1,1,0,1,1,1,1,0,1,1
1684,31,"Femme",30151,"Célibataire",0,24,0,0,0,1,0,0,0,0,0,0,0,1,0,0,0,0,0,0
1685,26,"Homme",18685,"Célibataire",0,15,0,0,0,0,0,0,0,1,0,0,0,0,0,0,1,1,0,0
1686,23,"Homme",27453,"Célibataire",0,25,0,1,0,1,0,0,0,1,0,0,0,0,0,0,1,1,0,0
1687,45,"Femme",52033,"Marié(e)",3,35,0,1,0,0,1,1,0,0,0,0,0,0,1,0,0,1,0,0
1688,60,"Homme",223917,"Marié(e)",2,28,0,0,1,0,0,0,1,0,0,1,0,0,0,0,0,0,1,0
1689,70,"Femme",22063,"Veuf(ve)",1,22,0,0,0,0,0,0,0,0,1,0,1,0,0,1,0,0,0,1
1690,51,"Femme",58305,"Célibataire",0,10.5,0,0,0,1,0,0,0,0,0,0,0,1,0,1,0,0,0,0
1691,41,"Femme",53593,"Marié(e)",2,17.5,0,1,0,0,1,1,0,0,0,0,0,0,1,0,0,0,0,0
1692,70,"Femme",34691,"Marié(e)",0,49.5,0,0,0,0,0,0,0,0,1,0,1,0,0,1,0,0,1,1
1693,46,"Femme",45627,"Marié(e)",3,24.5,0,1,0,0,1,1,1,0,0,0,0,0,1,0,0,0,0,0
1694,63,"Femme",100453,"Célibataire",1,35,0,1,0,0,0,0,1,0,1,0,1,1,0,0,0,0,0,1
1695,74,"Homme",33045,"Marié(e)",1,33,0,0,0,0,0,1,0,0,1,0,0,0,0,1,0,1,0,1
1696,44,"Femme",33044,"Marié(e)",3,25.5,0,1,0,0,1,0,0,0,0,1,0,1,1,0,0,0,0,0
1697,38,"Femme",36352,"Marié(e)",2,38,0,1,0,0,1,1,0,0,0,0,0,0,1,0,0,0,0,0
1698,73,"Femme",23125,"Veuf(ve)",1,13,0,0,0,0,0,0,0,0,1,0,1,0,0,1,0,0,0,1
1699,27,"Homme",16782,"Célibataire",0,26,0,0,1,0,0,0,0,1,0,0,0,0,0,0,1,1,1,0
1700,46,"Femme",18085,"Célibataire",0,40,1,1,0,0,0,0,0,0,0,0,0,1,0,1,0,1,0,0
1701,37,"Femme",179696,"Marié(e)",1,49,0,0,1,1,1,0,0,0,0,0,0,0,0,1,0,0,1,0
1702,27,"Homme",15198,"Célibataire",0,5,0,0,0,0,0,0,0,1,0,0,0,0,0,0,0,0,0,0
1703,67,"-",231458,"Veuf(ve)",2,47.5,0,0,0,1,1,0,1,1,0,0,0,0,1,0,1,1,0,1
1704,28,"Femme",49717,"Célibataire",0,42,1,0,0,1,0,1,0,0,0,0,0,1,0,1,0,0,1,0
1705,65,"Femme",186228,"Marié(e)",0,26.5,0,0,1,0,0,0,1,0,0,1,0,0,0,0,0,0,1,0
1706,21,"Homme",15350,"Célibataire",0,25,0,0,0,0,0,0,0,1,0,0,0,0,0,0,0,1,1,0
1707,69,"Homme",24947,"Marié(e)",1,34,0,1,0,0,0,0,0,0,1,0,1,0,0,1,0,0,0,1
1708,37,"Femme",55805,"Marié(e)",2,45,0,1,0,0,1,0,0,0,0,1,1,0,0,0,0,0,0,0
1709,54,"Femme",42552,"Célibataire",0,38,0,0,0,1,0,0,0,1,1,0,1,1,0,1,0,0,0,0
1710,33,"Homme",247547,"Marié(e)",0,57.5,1,0,1,1,1,1,0,0,1,0,1,0,0,1,0,0,0,0
1711,35,"Femme",56426,"Marié(e)",3,27.5,0,1,1,0,1,1,0,0,0,0,1,0,1,0,0,0,0,0
1712,64,"-",241087,"Marié(e)",1,29.5,0,1,0,0,0,0,1,0,0,1,0,0,0,0,0,0,1,0
1713,48,"Femme",44061,"Marié(e)",3,9.5,0,1,0,0,0,1,0,0,0,0,0,0,1,0,0,0,0,0
1714,49,"Femme",23125,"Célibataire",0,31.5,0,0,0,1,0,1,0,0,0,0,0,1,0,1,0,0,1,0
1715,34,"Femme",21265,"Célibataire",1,10.5,0,0,0,1,0,0,0,0,0,0,0,1,0,0,0,0,0,0
1716,18,"Homme",23798,"Célibataire",0,52.5,0,0,0,0,0,1,0,1,0,0,0,0,0,0,1,1,0,0
1717,21,"Homme",24080,"Célibataire",0,16,0,0,0,0,0,0,0,1,0,0,0,0,0,0,1,1,0,0
1718,54,"Homme",133559,"Marié(e)",0,9,0,0,1,0,0,0,1,0,0,1,0,0,0,0,0,0,0,0
1719,56,"Femme",38494,"Célibataire",0,21,0,0,0,1,0,0,0,0,0,0,0,1,0,0,0,0,0,0
1720,44,"Femme",37340,"Célibataire",0,29,0,0,0,1,0,0,0,0,0,0,0,1,0,0,0,0,1,0
1721,25,"Homme",120989,"Marié(e)",3,59.5,0,1,1,1,1,1,1,0,0,0,0,0,1,0,0,1,0,1
1722,69,"Femme",31384,"Marié(e)",0,24.5,0,0,0,0,0,0,0,0,1,0,0,0,0,1,0,0,0,1
1723,79,"Femme",22509,"Veuf(ve)",1,32,0,0,0,0,1,0,0,0,0,0,1,0,1,1,0,0,0,1
1724,19,"Femme",29374,"Célibataire",0,25.5,0,0,0,1,0,0,0,0,0,1,0,1,1,1,0,0,0,1
1725,52,"Homme",56209,"Marié(e)",3,23,0,1,0,0,0,1,0,0,0,0,0,0,1,0,0,0,0,0
1726,25,"Femme",40945,"Célibataire",1,16.5,0,0,0,1,1,0,0,0,0,0,0,1,1,0,1,0,0,0
1727,76,"Femme",20682,"Veuf(ve)",1,40,0,1,0,0,0,0,0,0,1,0,1,0,0,0,0,0,0,1
1728,51,"Femme",49600,"Célibataire",1,13.5,0,1,0,1,0,0,0,0,0,0,0,1,0,1,0,0,0,0
1729,63,"Femme",221419,"Célibataire",1,25,0,0,1,0,0,0,1,0,0,0,0,0,0,0,0,0,1,0
1730,46,"Homme",56926,"Marié(e)",3,24.5,0,1,0,0,1,1,0,0,0,0,0,0,1,0,0,1,0,0
1731,68,"Femme",30904,"Marié(e)",0,18,1,0,0,0,0,0,0,0,1,0,1,0,0,1,0,0,0,1
1732,78,"Femme",19957,"Veuf(ve)",1,27,1,0,0,0,0,0,0,0,0,1,1,0,0,1,0,0,1,1
1733,37,"Femme",53344,"Célibataire",0,24,0,0,1,1,0,0,0,0,0,0,0,1,1,1,0,0,0,0
1734,71,"Femme",156743,"Veuf(ve)",3,48.5,0,0,0,1,1,0,1,1,1,1,1,1,1,0,0,0,0,1
1735,27,"Homme",15924,"Célibataire",0,42,0,0,0,0,1,0,0,1,1,0,0,0,0,0,1,1,0,1
1736,58,"Femme",29095,"Célibataire",1,33.5,1,0,0,1,0,0,0,0,0,0,0,1,0,1,0,0,1,0
1737,52,"Femme",55193,"Marié(e)",2,11,0,1,0,0,0,0,0,0,0,0,0,1,0,0,0,0,0,0
1738,29,"Homme",20775,"Célibataire",0,3,0,0,0,0,0,0,0,0,0,0,0,0,0,0,0,1,0,0
1739,69,"Femme",27272,"Marié(e)",1,10,0,0,0,0,0,0,0,0,1,0,1,0,0,1,0,0,0,1
1740,49,"Femme",147591,"Marié(e)",1,28,0,0,1,0,0,0,1,0,0,0,0,0,0,0,0,0,1,0
1741,39,"Femme",57524,"Marié(e)",2,32,1,1,0,0,1,1,0,0,0,1,0,0,1,0,0,0,0,0
1742,64,"Homme",176769,"Marié(e)",2,32,1,0,1,0,0,0,1,0,0,1,0,0,0,0,0,0,1,0
1743,52,"Homme",48296,"Marié(e)",3,15,0,0,0,0,1,1,0,0,0,0,0,0,1,0,0,0,0,0
1744,28,"Homme",19961,"Célibataire",0,3.5,0,0,0,0,0,0,0,1,0,0,0,0,0,0,0,0,0,0
1745,35,"Femme",54021,"Marié(e)",2,18.5,0,1,0,0,0,1,0,0,0,0,1,0,1,0,0,1,0,0
1746,64,"Femme",136447,"Marié(e)",0,73.5,1,0,0,0,1,1,1,1,0,1,0,0,1,1,0,0,1,1
1747,25,"Femme",24097,"Célibataire",1,39,0,0,0,1,0,0,0,1,0,0,0,0,0,0,0,0,0,1
1748,20,"Homme",16901,"Célibataire",0,24,0,0,0,0,0,0,0,1,0,0,0,0,0,0,0,1,0,0
1749,22,"Femme",32525,"Célibataire",1,25.5,0,0,0,1,0,0,0,0,1,0,1,1,0,1,0,0,0,0
1750,29,"Femme",30027,"Célibataire",0,40.5,0,0,1,1,0,0,0,0,0,0,0,1,0,1,0,1,0,0
1751,24,"Homme",26797,"Célibataire",0,14,0,0,0,0,0,0,0,1,0,0,0,0,0,0,0,1,0,0
1752,47,"Femme",32078,"Célibataire",3,54,0,0,0,0,1,0,0,1,1,0,0,1,1,0,1,1,0,0
1753,22,"Homme",16867,"Célibataire",0,23.5,0,1,0,1,0,0,0,1,0,0,0,0,0,0,1,1,1,0
1754,71,"-",30962,"Marié(e)",1,46,0,0,0,0,0,0,0,0,1,0,1,0,0,1,1,0,0,0
1755,35,"Femme",127604,"Veuf(ve)",3,35,0,0,1,0,0,0,0,0,0,0,0,1,1,0,1,0,0,1
1756,27,"Femme",25924,"Célibataire",0,19.5,0,0,0,0,0,0,0,0,1,0,0,1,0,1,1,0,0,0
1757,70,"Homme",23981,"Veuf(ve)",0,7,0,0,0,0,0,0,0,0,1,0,0,0,0,1,0,0,0,1
1758,46,"Femme",49708,"Célibataire",0,30,0,0,0,1,0,0,0,0,0,0,0,1,0,0,0,0,0,0
1759,45,"Femme",182992,"Célibataire",1,25.5,0,0,1,0,1,0,1,0,0,0,0,0,0,0,0,0,1,0
1760,67,"Homme",30251,"Veuf(ve)",0,30,0,0,0,0,0,0,0,0,1,0,1,0,0,1,0,0,0,1
1761,48,"Homme",48480,"Marié(e)",3,25,0,1,0,0,1,1,0,0,0,0,0,0,0,0,0,0,0,0
1762,19,"Homme",221354,"Célibataire",2,69.5,0,0,0,0,1,0,1,0,0,1,1,1,1,0,1,1,0,1
1763,41,"Homme",47738,"Marié(e)",3,11,0,1,0,0,1,0,0,0,0,0,0,0,0,0,0,0,0,0
1764,18,"Homme",17880,"Célibataire",0,25,0,0,0,0,0,0,1,1,0,0,0,0,0,1,1,1,0,0
1765,28,"Homme",17546,"Célibataire",0,29,0,0,0,0,0,0,0,1,0,0,0,0,0,0,1,1,0,0
1766,42,"Homme",224500,"Marié(e)",1,11.5,0,0,0,0,0,0,1,0,0,1,0,1,0,0,0,0,0,0
1767,67,"Femme",31319,"Marié(e)",1,18.5,0,0,0,1,0,0,0,0,1,0,1,0,0,1,0,0,0,1
1768,60,"Homme",227516,"Marié(e)",1,58.5,0,0,1,0,0,0,1,0,0,0,0,1,0,0,0,1,1,1
1769,39,"Femme",164321,"Marié(e)",1,20.5,0,0,1,0,0,0,1,0,0,1,0,0,0,0,0,0,1,0
1770,52,"Femme",33778,"Célibataire",0,31,0,0,0,1,0,0,1,0,1,0,0,1,1,0,0,0,0,0
1771,46,"Femme",33752,"Célibataire",0,20,1,0,0,1,0,0,0,0,0,0,0,1,0,0,0,0,0,0
1772,71,"Homme",26816,"Veuf(ve)",1,75,0,0,0,1,1,0,0,0,1,0,1,0,0,1,1,0,0,1
1773,38,"Homme",223801,"Célibataire",2,9,0,0,1,0,0,0,1,0,0,0,0,0,0,0,0,0,1,0
1774,28,"Homme",23399,"Célibataire",0,14,0,0,0,0,0,0,0,1,0,0,1,0,0,0,1,1,0,0
1775,42,"Homme",181553,"Célibataire",1,39,0,0,1,0,0,0,1,0,0,1,0,0,0,0,0,0,1,0
1776,48,"Femme",124213,"Célibataire",0,28,0,0,1,0,0,0,1,0,0,0,0,0,0,0,0,0,1,0
1777,26,"Homme",21863,"Célibataire",0,18.5,1,0,0,0,0,0,0,1,0,0,0,0,0,0,1,1,0,0
1778,57,"Femme",182105,"Marié(e)",1,34,0,0,1,0,0,0,1,0,0,0,0,1,0,0,0,0,1,0
1779,42,"Femme",34876,"Célibataire",0,10.5,0,0,0,1,1,0,0,0,0,0,0,1,0,0,0,1,0,0
1780,38,"Homme",50911,"Marié(e)",3,29.5,0,0,0,0,0,1,0,0,0,1,0,0,1,0,0,0,1,0
1781,60,"Homme",194992,"Marié(e)",1,75.5,0,1,0,1,0,1,0,1,1,0,1,1,1,1,0,1,1,1
1782,28,"Femme",56173,"Célibataire",0,15,0,0,0,1,0,0,0,0,0,0,0,1,0,1,0,0,1,0
1783,76,"Homme",156062,"Marié(e)",1,78,1,1,0,0,1,0,0,1,1,0,1,1,0,1,0,1,1,1
1784,36,"Homme",45368,"Marié(e)",2,26,0,1,0,0,0,0,0,1,0,0,0,0,1,0,0,0,0,0
1785,18,"Homme",29569,"Célibataire",0,33,0,0,0,0,0,0,0,1,0,0,0,0,0,0,1,1,0,0
1786,78,"Femme",41153,"Veuf(ve)",3,58.5,0,1,0,1,0,0,0,1,1,0,0,1,1,1,0,0,1,1
1787,23,"Homme",17096,"Célibataire",0,14,0,0,0,0,0,0,0,1,0,0,0,0,0,0,0,1,0,0
1788,44,"Femme",56828,"Marié(e)",2,28.5,1,0,0,0,0,1,0,0,0,0,0,0,1,0,0,0,0,0
1789,32,"Homme",111990,"Veuf(ve)",1,89.5,1,1,1,1,1,1,0,1,0,1,0,1,0,1,0,0,0,0
1790,74,"Femme",27423,"Marié(e)",0,41,0,0,0,0,0,0,0,0,1,0,1,0,0,1,0,0,0,1
1791,42,"Femme",184917,"Célibataire",0,64.5,0,0,0,1,1,0,0,1,0,1,1,0,1,0,1,0,0,0
1792,24,"Homme",22931,"Célibataire",0,10.5,0,0,0,0,0,0,0,1,0,0,0,0,0,0,1,1,0,0
1793,19,"Homme",24695,"Célibataire",0,13,0,0,0,0,0,0,0,1,0,0,0,0,0,0,0,1,0,0
1794,39,"Homme",230936,"Célibataire",0,29,0,0,1,0,0,0,0,0,0,1,0,0,0,1,0,0,1,0
1795,18,"Femme",53729,"Célibataire",0,26,0,0,1,0,0,0,0,0,0,0,0,1,1,0,0,0,0,0
1796,55,"Femme",189872,"Célibataire",0,16.5,0,0,0,1,0,0,1,0,0,0,0,0,0,0,0,0,1,0
1797,21,"Homme",22207,"Célibataire",0,24.5,0,0,0,1,0,0,0,1,1,0,0,0,0,0,1,1,0,0
1798,48,"Homme",50460,"Marié(e)",3,18,0,1,0,0,1,1,0,0,0,0,0,0,0,0,0,0,0,0
1799,44,"Femme",46302,"Marié(e)",2,28,1,0,0,0,1,0,0,1,0,0,0,0,1,0,0,0,0,0
1800,66,"Femme",67227,"Célibataire",3,88,0,1,1,0,0,1,0,1,1,1,0,0,0,1,1,1,0,1
1801,44,"Homme",230499,"Célibataire",0,29,0,0,1,0,0,0,1,0,0,0,0,1,0,0,0,0,1,0
1802,63,"Femme",167247,"Célibataire",2,61.5,0,0,1,0,0,0,1,1,0,1,0,0,0,0,0,0,1,1
1803,66,"Femme",28807,"Veuf(ve)",1,42.5,0,0,0,1,0,0,1,0,0,0,0,0,0,1,0,0,1,1
1804,18,"Homme",28004,"Célibataire",0,45,0,0,0,0,0,0,1,1,0,0,0,0,1,0,1,0,0,0
1805,41,"Homme",54738,"Marié(e)",2,38,0,1,0,0,1,1,0,0,0,0,0,0,1,0,0,0,0,0
1806,77,"Femme",29583,"Marié(e)",1,15.5,0,0,0,0,0,0,0,1,1,0,1,0,0,1,0,0,0,1
1807,25,"Homme",21422,"Célibataire",0,36.5,0,1,0,0,0,0,0,1,0,0,0,0,0,1,1,1,0,0
1808,37,"Homme",40864,"Marié(e)",3,25,0,1,0,0,0,1,0,0,0,0,0,0,1,0,0,0,0,0
1809,24,"Homme",28887,"Célibataire",0,4,0,0,0,0,0,0,0,0,0,0,0,0,0,0,1,1,0,0
1810,43,"Femme",53194,"Marié(e)",2,33.5,0,1,0,0,1,0,0,0,0,0,0,0,1,0,0,0,0,0
1811,73,"Femme",31945,"Veuf(ve)",1,14,0,1,0,0,0,0,0,0,1,0,0,0,0,1,0,1,0,1
1812,20,"Homme",24944,"Célibataire",0,11.5,0,0,0,0,0,0,0,1,0,1,0,0,0,0,0,1,0,0
1813,21,"Femme",115263,"Marié(e)",0,67.5,0,1,0,0,1,0,0,0,1,1,1,1,0,0,1,0,1,0
1814,36,"Femme",28486,"Célibataire",1,13,0,0,0,0,0,0,0,0,0,0,0,1,0,1,0,0,0,0
1815,29,"Homme",27471,"Célibataire",0,37.5,0,0,0,0,0,0,0,1,0,1,0,0,0,0,1,1,0,0
1816,19,"Homme",17765,"Célibataire",0,40.5,1,0,0,0,0,0,0,1,0,0,0,0,1,0,1,1,0,0
1817,28,"Homme",29826,"Célibataire",0,13.5,0,0,0,0,0,0,0,1,0,0,0,0,0,0,1,1,0,0
1818,42,"Femme",37628,"Marié(e)",2,21,0,1,0,0,1,0,0,1,0,0,0,1,1,0,0,1,0,0
1819,22,"Homme",27213,"Célibataire",0,11,0,0,0,0,0,0,0,0,0,0,0,0,0,0,1,1,0,0
1820,75,"Homme",28653,"Marié(e)",1,47.5,0,0,0,0,1,0,0,0,1,1,1,0,0,1,0,0,0,1
1821,55,"Femme",170426,"Célibataire",1,49,0,0,1,0,1,0,1,0,0,1,0,0,0,0,0,0,1,0
1822,53,"Homme",38882,"Marié(e)",2,23.5,0,1,0,0,1,1,0,0,0,0,0,0,1,0,0,0,0,0
1823,43,"Homme",120299,"Marié(e)",2,49.5,0,1,1,0,0,0,1,0,1,1,0,0,0,0,1,0,1,0
1824,49,"Homme",44137,"Marié(e)",3,35.5,1,1,0,0,1,1,0,0,0,0,0,0,1,0,0,0,0,0
1825,38,"Homme",150069,"Célibataire",2,19,0,0,1,0,0,0,1,0,0,1,0,0,0,0,0,0,0,0
1826,70,"Femme",32439,"Marié(e)",0,33.5,0,0,0,0,0,0,0,0,1,0,1,0,0,0,1,1,0,1
1827,27,"Homme",15248,"Célibataire",0,6,0,0,0,0,0,0,0,1,0,0,0,0,0,0,0,1,0,0
1828,27,"Homme",29216,"Célibataire",0,16.5,0,0,0,0,0,1,0,1,0,0,1,0,0,0,1,1,0,0
1829,71,"Homme",28651,"Marié(e)",1,19,0,0,0,0,0,0,0,0,1,0,1,0,0,1,0,0,1,1
1830,76,"Homme",18370,"Veuf(ve)",1,49.5,0,0,1,0,0,0,0,0,1,0,0,0,0,1,0,1,0,1
1831,50,"Homme",212473,"Marié(e)",1,26.5,0,0,1,0,0,0,1,0,0,1,0,0,0,0,0,0,1,0
1832,36,"Femme",34087,"Marié(e)",2,32.5,0,1,0,0,0,1,0,0,0,0,0,0,1,0,1,0,0,0
1833,68,"Femme",31575,"Marié(e)",0,70,1,1,0,0,0,0,0,0,1,1,1,0,0,1,0,0,0,1
1834,28,"Homme",21617,"Célibataire",0,18.5,0,0,0,0,0,0,0,1,0,0,0,0,0,0,0,1,0,1
1835,55,"Homme",238105,"Marié(e)",1,31.5,0,0,1,0,0,1,1,0,0,1,0,0,1,0,0,0,1,0
1836,638,"Femme",32229,"Marié(e)",0,45.5,0,0,0,0,0,0,0,0,1,0,1,0,0,1,0,0,0,1
1837,28,"Homme",29395,"Célibataire",0,25.5,0,0,0,0,0,1,0,0,1,0,0,0,0,1,0,1,0,0
1838,72,"Femme",19669,"Veuf(ve)",0,36,0,0,1,0,0,0,0,0,1,0,0,0,0,1,0,0,0,1
1839,70,"Femme",34058,"Marié(e)",1,16,0,0,0,0,0,0,0,0,1,0,1,0,0,1,0,0,0,1
1840,56,"Femme",38368,"Célibataire",1,21,0,0,1,1,1,0,0,0,0,0,0,0,0,1,0,0,0,0
1841,26,"Femme",34862,"Célibataire",1,33.5,0,0,0,1,0,1,0,0,0,0,0,1,0,1,0,0,0,1
1842,48,"Homme",54739,"Marié(e)",2,30.5,0,1,0,0,1,1,0,0,0,0,0,0,1,0,0,0,0,0
1843,41,"Homme",50564,"Marié(e)",2,39,0,0,0,0,1,1,0,0,1,0,0,0,1,0,0,1,0,0
1844,19,"Homme",18519,"Célibataire",0,24,0,0,0,0,0,0,0,1,1,0,0,1,0,0,1,1,0,0
1845,37,"Homme",77742,"Célibataire",3,53,0,0,0,0,0,0,0,0,1,0,0,1,1,1,1,0,0,1
1846,49,"Femme",41144,"Marié(e)",3,36,0,1,0,0,1,1,0,0,0,0,0,0,1,0,0,0,0,0
1847,18,"Femme",39135,"Célibataire",0,32,0,0,0,1,0,0,0,0,0,0,0,1,0,1,0,0,0,0
1848,48,"Homme",239621,"Marié(e)",1,31.5,0,0,1,0,0,0,1,0,0,1,0,0,0,0,0,0,1,0
1849,48,"Homme",176386,"Célibataire",0,26.5,0,0,1,0,0,0,1,1,0,1,0,0,0,0,0,0,0,0
1850,28,"Homme",25342,"Célibataire",0,28,0,0,0,0,0,0,0,1,0,1,0,1,0,0,0,1,0,0
1851,37,"Homme",52855,"Marié(e)",3,21,0,1,0,0,0,1,0,0,0,0,0,0,0,0,0,0,0,0
1852,18,"Homme",25099,"Célibataire",0,32.5,0,0,0,0,0,0,0,1,0,0,1,0,0,1,1,1,0,0
1853,21,"Homme",18139,"Célibataire",0,26.5,0,0,0,0,0,0,0,0,0,1,1,1,0,0,1,1,0,0
1854,50,"Homme",44570,"Marié(e)",2,24.5,0,1,1,0,1,1,0,0,0,0,0,0,1,0,0,0,0,0
1855,43,"Femme",52173,"Marié(e)",3,45.5,0,1,0,0,1,1,1,0,0,0,0,0,1,0,0,1,1,0
1856,51,"Homme",44564,"Marié(e)",3,20.5,0,1,0,0,1,1,0,0,0,0,0,0,1,0,0,0,0,0
1857,80,"Femme",30007,"Marié(e)",1,20,0,0,0,0,0,0,0,0,1,0,1,1,0,0,1,0,0,1
1858,45,"Femme",28383,"Célibataire",0,71.5,0,0,0,1,0,0,1,0,0,0,1,1,0,0,0,1,1,1
1859,21,"Homme",24225,"Célibataire",0,22.5,0,0,0,0,0,0,0,0,0,0,0,1,0,0,1,0,0,1
1860,18,"Homme",26956,"Célibataire",0,32.5,0,0,0,0,0,0,0,1,0,0,0,0,0,0,1,1,0,0
1861,442,"Femme",43198,"Marié(e)",1,57,1,1,1,1,0,0,0,0,1,1,1,1,1,0,0,1,1,1
1862,42,"Homme",58306,"Marié(e)",2,45,0,1,0,0,1,1,0,0,0,0,0,0,1,0,0,0,0,0
1863,28,"Femme",30086,"Célibataire",0,52.5,0,1,0,1,0,0,0,0,0,1,0,1,0,1,0,0,0,1
1864,73,"Homme",31649,"Marié(e)",0,33,1,0,0,0,0,1,0,0,1,0,1,0,0,1,0,0,0,1
1865,31,"Femme",49997,"Célibataire",0,44,0,0,0,1,0,0,0,0,0,0,0,1,1,1,0,0,0,0
1866,44,"Femme",54751,"Marié(e)",2,19.5,0,1,0,0,1,1,0,0,0,0,0,0,1,0,0,0,0,0
1867,74,"Femme",23346,"Veuf(ve)",1,30.5,0,0,0,0,0,0,0,1,1,0,1,0,0,1,0,0,0,0
1868,42,"Femme",56414,"Célibataire",0,28.5,1,0,0,1,0,0,0,0,0,1,0,1,0,1,1,0,0,0
1869,39,"Homme",45685,"Marié(e)",3,25,0,1,0,0,1,1,0,0,0,0,0,0,0,0,0,0,0,0
1870,44,"Homme",59096,"Marié(e)",2,24.5,0,1,0,0,1,1,0,1,0,0,0,0,1,0,0,0,0,0
1871,65,"Femme",20968,"Marié(e)",0,41,0,0,0,0,0,0,0,1,1,0,1,0,0,0,0,0,0,1
1872,40,"Homme",42576,"Marié(e)",3,19,0,0,0,0,1,1,0,0,0,0,0,0,1,0,0,0,0,0
1873,27,"Homme",25618,"Célibataire",0,26,0,0,0,0,0,0,0,1,0,0,0,0,0,0,1,0,0,0
1874,77,"Femme",31553,"Veuf(ve)",1,34,0,0,0,0,0,0,0,0,1,0,1,0,0,1,0,0,0,1
1875,29,"Homme",26392,"Célibataire",0,41,0,0,0,0,0,0,0,1,0,0,0,0,0,1,1,1,0,0
1876,25,"Homme",25374,"Célibataire",0,24,0,0,0,0,0,0,0,0,0,0,0,0,0,0,1,1,0,0
1877,49,"Homme",173115,"Marié(e)",2,18,0,0,0,0,0,0,1,0,0,1,0,0,0,0,0,0,1,0
1878,27,"Femme",39794,"Célibataire",0,21.5,0,0,0,1,0,0,0,0,1,0,0,1,0,1,0,0,0,0
1879,59,"Femme",25791,"Célibataire",1,11,0,0,0,1,0,0,0,0,0,0,0,1,0,0,0,0,0,0
1880,60,"Femme",132062,"Marié(e)",1,9,0,0,1,0,0,0,1,0,0,0,0,0,0,0,0,0,1,0
1881,25,"Homme",22443,"Célibataire",0,8,0,0,0,0,0,0,0,1,0,0,0,0,0,0,1,1,0,0
1882,73,"Homme",26306,"Veuf(ve)",0,19.5,0,0,0,0,0,0,0,0,1,0,1,0,0,1,0,0,0,1
1883,56,"Homme",206317,"Célibataire",0,52.5,0,0,1,0,0,0,1,1,1,1,0,0,0,1,0,0,1,0
1884,54,"Femme",46814,"Marié(e)",2,22.5,0,1,0,0,1,1,0,1,0,0,0,0,1,0,0,0,0,0
1885,47,"Homme",37844,"Marié(e)",3,26,0,1,0,1,1,1,0,0,0,0,0,0,0,0,0,0,0,0
1886,18,"Homme",17976,"Célibataire",0,35,0,0,1,0,1,0,1,1,0,0,0,0,0,0,1,1,0,0
1887,76,"Femme",26884,"Veuf(ve)",0,24.5,0,0,0,0,0,0,0,0,1,0,1,0,0,1,0,1,0,1
1888,39,"Femme",42648,"Marié(e)",2,30,0,1,1,0,1,1,0,0,0,0,0,0,1,0,1,0,1,0
1889,68,"Homme",247227,"Marié(e)",0,86.5,1,0,1,0,1,0,0,1,1,1,1,1,1,1,1,1,1,0
1890,37,"Femme",139526,"Marié(e)",2,24,0,1,0,0,1,0,1,0,0,0,0,0,0,0,1,0,1,0
1891,19,"Homme",25842,"Célibataire",0,38,0,0,1,0,0,1,0,1,0,0,0,0,0,0,1,0,0,0
1892,56,"Homme",207920,"Marié(e)",2,31.5,0,0,1,0,0,0,1,0,0,1,0,0,0,0,0,0,1,0
1893,25,"Homme",29432,"Célibataire",0,28,0,0,0,0,0,1,0,1,1,0,0,0,0,1,1,0,0,0
1894,51,"-",160980,"Marié(e)",0,25.5,0,0,1,0,0,0,1,0,1,0,0,0,0,0,0,0,0,0
1895,38,"Femme",49371,"Marié(e)",3,35,0,1,0,0,0,1,0,0,0,0,0,0,1,0,0,0,0,0
1896,66,"Homme",22137,"Marié(e)",1,15.5,0,0,0,0,0,0,0,0,1,0,1,0,0,1,0,0,1,1
1897,43,"Femme",50351,"Marié(e)",3,30,1,0,0,0,1,0,0,0,0,0,0,0,1,0,0,0,0,0
1898,68,"Femme",18078,"Veuf(ve)",0,40,0,0,0,0,0,0,0,0,0,0,1,0,1,1,0,0,0,1
1899,67,"Homme",32030,"Marié(e)",1,38,0,0,0,0,0,0,0,0,1,0,1,0,0,1,0,0,0,1
1900,61,"Homme",47166,"Célibataire",2,67.5,0,1,1,1,0,1,1,1,1,0,1,0,1,0,0,1,0,0
1901,67,"Homme",23561,"Marié(e)",0,20.5,0,0,1,0,0,0,0,0,0,0,0,0,0,0,0,0,0,1
1902,20,"Homme",27029,"Célibataire",0,14,0,0,0,0,0,1,0,1,0,0,0,0,0,0,1,1,0,0
1903,28,"Homme",20214,"Célibataire",0,44.5,0,0,1,0,0,0,1,1,1,0,0,0,0,0,1,1,0,0
1904,27,"Homme",16221,"Célibataire",0,31,0,0,0,0,0,0,0,1,0,1,0,0,0,0,1,0,1,0
1905,54,"Homme",50470,"Marié(e)",3,33,0,1,0,0,0,1,0,1,0,0,0,1,1,0,0,0,0,0
1906,65,"Homme",24725,"Marié(e)",0,36,0,1,0,0,0,1,0,0,1,0,1,0,0,1,0,0,0,1
1907,29,"Homme",19541,"Célibataire",0,17.5,0,0,0,0,0,0,0,1,0,0,0,0,1,0,1,1,0,0
1908,54,"Homme",237126,"Célibataire",1,10.5,0,0,1,0,0,0,1,0,0,0,0,0,0,0,0,0,1,0
1909,62,"Femme",182297,"Marié(e)",1,27,0,0,1,0,0,0,1,0,0,1,0,0,0,0,0,0,1,0
1910,20,"Homme",18977,"Célibataire",0,60.5,0,0,0,1,0,0,0,1,1,0,0,0,0,0,1,1,1,0
1911,69,"Homme",23865,"Veuf(ve)",0,17,0,0,1,0,0,0,0,0,1,0,1,0,0,0,0,0,0,1
1912,38,"Femme",241801,"Célibataire",1,47,0,0,1,0,0,0,1,0,0,1,0,0,1,0,0,0,1,0
1913,48,"Homme",33633,"Marié(e)",2,3,0,0,0,0,1,0,0,0,0,0,0,0,0,0,0,0,0,0
1914,50,"Homme",57228,"Marié(e)",3,29.5,0,1,0,0,0,1,0,0,0,0,1,0,1,0,0,0,0,0
1915,18,"Homme",31513,"Veuf(ve)",3,44,1,1,0,1,0,0,1,1,0,0,1,0,1,0,1,1,1,1
1916,28,"Homme",28370,"Célibataire",0,15.5,0,0,0,0,0,0,0,1,0,0,0,0,0,0,1,1,0,0
1917,47,"Homme",58677,"Veuf(ve)",2,53.5,0,1,1,1,0,0,0,0,0,1,1,0,0,1,1,0,0,0
1918,18,"Homme",28368,"Célibataire",0,10.5,0,0,0,0,0,0,0,1,0,0,0,0,0,0,1,1,0,0
1919,38,"Femme",53732,"Marié(e)",3,16,0,0,0,0,1,1,0,0,0,0,0,0,1,0,0,0,0,0
1920,21,"Homme",27851,"Célibataire",0,18,0,0,0,0,0,1,0,0,0,0,1,0,0,0,0,0,0,1
1921,65,"Femme",168240,"Marié(e)",1,27,0,0,1,0,0,1,1,0,0,0,0,0,1,0,0,0,0,0
1922,26,"Homme",29008,"Célibataire",0,19,0,0,0,0,0,0,0,1,0,0,0,0,0,0,1,1,0,0
1923,39,"Femme",51441,"Marié(e)",3,34,0,1,1,0,1,1,0,0,0,0,0,1,1,0,0,0,0,1
1924,27,"Homme",185344,"Veuf(ve)",3,80,1,1,0,0,0,0,0,1,1,1,0,0,0,1,1,1,1,0
1925,19,"Homme",26529,"Célibataire",0,13.5,0,0,0,0,0,0,0,1,0,0,0,0,0,0,1,1,0,0
1926,19,"Homme",26702,"Célibataire",0,25.5,0,0,0,0,0,1,0,0,0,0,0,0,0,0,1,1,0,0
1927,47,"Femme",42366,"Marié(e)",2,21.5,0,1,0,0,1,1,0,0,0,0,0,0,1,0,0,0,0,0
1928,66,"Homme",19808,"Veuf(ve)",0,44,0,1,0,0,0,0,0,0,1,0,1,0,1,1,0,1,0,1
1929,42,"Homme",185713,"Marié(e)",2,41,0,0,1,0,0,0,1,0,0,1,0,0,0,0,0,0,1,0
1930,42,"-",30797,"Célibataire",0,40,0,0,0,1,1,0,0,0,1,0,0,1,0,0,0,1,0,0
1931,24,"Homme",16016,"Célibataire",0,34.5,0,0,1,0,0,0,0,1,0,0,0,0,0,0,1,1,0,0
1932,53,"Femme",129050,"Marié(e)",2,7.5,0,0,0,0,0,0,0,0,0,1,0,0,0,0,0,0,1,0
1933,47,"Femme",51086,"Célibataire",1,37,1,0,0,0,0,0,0,1,0,0,0,1,0,1,0,0,0,0
1934,28,"Homme",24272,"Célibataire",0,13,0,0,0,0,0,0,0,1,0,0,0,0,0,0,1,0,0,0
1935,41,"Femme",248861,"Marié(e)",1,11.5,0,0,0,0,0,0,1,0,0,1,0,1,0,0,0,0,1,0
1936,75,"Homme",34679,"Veuf(ve)",0,16.5,0,0,0,0,0,0,0,0,0,0,1,0,0,1,0,0,0,1
1937,19,"Homme",24117,"Célibataire",0,24,0,0,0,0,0,0,0,1,0,0,0,0,0,0,1,1,1,0
1938,45,"Femme",47867,"Marié(e)",2,12,0,1,0,0,0,1,1,0,0,0,0,0,0,0,0,0,0,0
1939,40,"Homme",44251,"Marié(e)",2,26,0,1,0,0,1,1,0,0,0,0,0,0,1,0,0,0,0,0
1940,50,"Femme",34753,"Marié(e)",3,30.5,0,1,0,0,1,1,0,0,0,0,0,0,1,0,0,0,0,0
1941,28,"Homme",29430,"Célibataire",0,25.5,0,0,1,1,0,0,0,1,0,0,0,1,0,0,1,1,0,0
1942,35,"Femme",31808,"Célibataire",0,20.5,0,1,0,1,1,0,0,0,0,0,0,1,0,0,0,0,0,0
1943,72,"Femme",19645,"Veuf(ve)",0,61.5,0,0,0,0,0,0,0,0,1,1,1,0,0,1,1,0,0,1
1944,40,"Femme",134014,"Marié(e)",2,45,0,0,1,1,0,0,0,0,1,1,0,0,0,1,0,0,1,0
1945,55,"Homme",44804,"Marié(e)",3,23.5,0,0,0,0,1,1,0,0,0,0,0,1,1,0,0,0,0,0
1946,25,"Homme",19685,"Célibataire",0,45.5,0,0,1,0,0,0,0,1,0,0,0,0,1,0,1,1,0,1
1947,48,"Femme",59116,"Marié(e)",2,15.5,0,0,0,0,1,1,0,0,0,0,0,0,1,0,0,0,0,1
1948,26,"Femme",91414,"Célibataire",2,66.5,1,1,0,1,1,1,0,1,0,0,0,0,0,0,0,1,1,0
1949,80,"Femme",31110,"Marié(e)",0,2,0,0,0,0,0,0,0,0,0,0,0,0,0,0,0,0,0,1
1950,47,"Femme",35925,"Marié(e)",2,33.5,0,1,0,0,1,1,0,0,1,0,0,0,1,0,0,0,0,0
1951,52,"Homme",49494,"Marié(e)",3,23.5,0,1,0,0,1,0,0,0,0,0,0,0,1,0,0,0,0,0
1952,20,"Femme",38774,"Célibataire",0,28.5,0,0,0,0,0,0,0,0,0,0,0,1,0,1,0,0,0,1
1953,57,"Homme",187245,"Célibataire",0,35,0,0,1,1,0,0,1,0,0,0,1,0,0,0,0,0,1,0
1954,42,"Femme",44059,"Marié(e)",2,33.5,0,1,0,0,1,0,0,0,0,0,0,0,1,0,0,0,0,0
1955,57,"Femme",40539,"Célibataire",0,41,0,0,0,1,0,1,0,0,0,0,0,1,0,0,0,0,1,0
1956,71,"Femme",23415,"Veuf(ve)",1,24.5,0,0,0,0,0,0,0,0,1,0,0,0,0,1,0,0,0,1
1957,21,"Homme",22994,"Célibataire",0,26,0,0,0,0,0,0,1,0,0,0,0,0,1,1,1,1,0,0
1958,74,"Femme",25613,"Veuf(ve)",0,45.5,0,0,0,0,0,0,0,0,0,0,1,0,0,1,1,1,1,1
1959,26,"Homme",21638,"Célibataire",0,19.5,0,0,0,0,0,0,0,1,0,0,0,0,0,0,1,1,0,0
1960,21,"Homme",26926,"Célibataire",0,19.5,0,0,0,0,0,0,0,1,0,0,0,0,0,1,0,1,0,0
1961,18,"Homme",27827,"Célibataire",0,21.5,0,0,0,0,1,0,0,0,0,0,0,1,0,0,1,1,0,0
1962,65,"Femme",22225,"Marié(e)",1,45.5,0,0,0,0,0,0,0,0,1,0,1,0,0,1,0,0,0,1
1963,72,"Homme",246957,"Veuf(ve)",2,85.5,1,0,0,1,0,1,1,0,1,1,1,1,0,1,1,1,1,1
1964,49,"Homme",45364,"Marié(e)",3,27.5,0,1,0,0,1,1,0,0,0,0,0,0,0,0,0,0,0,1
1965,68,"Homme",240634,"Marié(e)",3,73.5,0,0,1,0,0,0,1,1,1,0,1,0,1,1,0,1,0,0
1966,54,"Femme",41972,"Célibataire",0,14,0,0,0,1,0,0,0,0,0,0,0,1,0,0,0,0,0,0
1967,20,"Homme",18645,"Célibataire",0,14.5,0,0,1,0,0,0,0,0,0,0,0,0,0,0,0,1,0,0
1968,67,"Homme",31755,"Marié(e)",0,16.5,0,0,0,1,0,0,0,0,1,0,1,0,0,1,0,0,0,1
1969,45,"Homme",44661,"Marié(e)",3,39,0,0,0,0,1,1,0,0,1,0,0,0,1,0,0,1,0,0
1970,36,"Femme",54339,"Célibataire",0,47,0,1,1,1,0,0,0,0,1,0,0,1,0,1,0,0,0,0
1971,47,"Femme",141221,"Marié(e)",0,29.5,0,0,1,0,0,0,1,0,0,1,0,0,1,0,0,0,1,0
1972,23,"Homme",23343,"Célibataire",0,19.5,0,0,0,0,0,0,0,1,0,0,0,1,0,0,1,1,1,0
1973,23,"Homme",16840,"Célibataire",0,15,0,0,0,0,0,0,0,1,0,0,0,0,0,0,1,1,0,0
1974,37,"Femme",42917,"Marié(e)",2,7,0,1,0,0,0,1,0,0,0,0,0,0,0,0,0,0,0,0
1975,66,"Femme",22443,"Marié(e)",0,35,0,0,0,0,0,1,0,0,1,1,1,0,0,1,0,0,0,0
1976,21,"Homme",16948,"Célibataire",0,50,0,1,0,0,0,0,0,1,0,0,0,0,0,0,1,1,1,0
1977,48,"Femme",55360,"Marié(e)",3,30,0,1,0,0,1,1,0,0,1,0,0,0,1,0,0,0,0,0
1978,72,"Femme",23256,"Veuf(ve)",0,54,1,0,0,0,0,0,0,0,1,0,1,0,0,1,0,1,0,1
1979,42,"Homme",140586,"Marié(e)",1,25,0,0,1,0,0,0,1,0,0,1,0,0,0,0,0,0,1,0
1980,23,"Femme",22771,"Célibataire",0,34,0,0,0,0,0,1,0,0,0,0,0,1,0,0,0,0,0,1
1981,18,"Homme",23906,"Célibataire",0,11,0,0,0,0,0,0,0,0,0,0,0,0,0,0,1,1,0,0
1982,56,"Femme",137691,"Célibataire",2,43.5,0,0,0,0,1,0,0,0,1,1,0,0,0,0,0,0,1,0
1983,43,"Homme",59548,"Marié(e)",2,9.5,0,1,0,0,0,1,0,0,0,0,0,0,1,0,0,0,0,0
1984,66,"Homme",26521,"Marié(e)",1,19.5,0,0,0,0,0,0,0,0,1,0,0,0,1,1,0,0,0,1
1985,72,"Homme",23519,"Veuf(ve)",0,25,0,1,0,0,0,0,0,0,1,0,1,0,0,1,0,0,0,1
1986,27,"Homme",24549,"Célibataire",0,32.5,0,0,0,0,0,0,0,1,0,0,0,0,0,0,1,1,0,0
1987,40,"Homme",57127,"Marié(e)",3,35.5,0,1,0,0,1,1,0,0,0,0,0,0,1,0,0,0,0,0
1988,20,"Homme",24217,"Célibataire",0,18.5,1,0,0,0,0,0,0,1,0,0,0,0,0,0,1,1,0,0
1989,25,"Femme",56757,"Marié(e)",0,54.5,0,0,0,0,1,0,1,1,1,1,0,1,1,0,1,1,0,0
1990,21,"Homme",21181,"Célibataire",0,3,0,0,0,0,0,0,0,0,1,0,0,0,0,0,0,0,0,0
1991,22,"Homme",25527,"Célibataire",0,15,0,0,0,0,0,0,0,1,0,0,0,0,0,0,1,1,0,0
1992,35,"Femme",42265,"Célibataire",0,12.5,0,0,0,1,0,0,0,0,0,0,0,0,0,1,0,0,0,0
1993,73,"Homme",28408,"Veuf(ve)",0,18,0,0,0,0,0,0,0,0,1,0,0,0,0,1,0,0,0,1
1994,69,"Homme",32721,"Marié(e)",1,51,0,0,1,0,0,0,0,1,1,0,1,0,0,1,0,0,0,1
1995,28,"Homme",22672,"Célibataire",0,17,0,0,0,0,0,0,0,1,0,0,0,0,0,0,1,0,0,0
1996,72,"Femme",22160,"Marié(e)",1,29,0,0,0,0,0,0,0,1,1,0,1,1,0,1,0,0,0,1
1997,47,"Femme",142282,"Marié(e)",1,44,1,0,0,0,1,0,1,0,0,1,0,0,0,0,0,0,1,0
1998,52,"Femme",55159,"Marié(e)",2,6.5,0,0,0,0,1,0,0,0,0,0,0,0,0,0,0,1,0,0
1999,40,"Homme",54831,"Marié(e)",3,28.5,0,1,1,0,1,1,1,0,0,0,0,0,1,0,0,0,0,0
2000,27,"Homme",29350,"Célibataire",0,27.5,0,0,0,0,0,0,0,1,0,0,0,0,0,0,1,1,0,0
